checkpoint_batch,edits,cohort,metric_tag,numerator,denominator,rate,strict_numerator,strict_denominator,token_correct,token_denominator,requests,new_nll_mean,new_nll_q01,new_nll_q05,new_nll_q50,new_nll_q95,new_nll_q99,true_nll_mean,true_nll_q01,true_nll_q05,true_nll_q50,true_nll_q95,true_nll_q99,safety_margin_mean,safety_margin_q01,safety_margin_q05,safety_margin_q50,safety_margin_q95,safety_margin_q99
1,100,all_seen,RS,100,100,1.0,100,100,101,101,100,0.002287666152260499,0.00010426692686451134,0.0001591436463058926,0.001498053374234587,0.0067379180341959,0.016533166114240896,14.692024793624878,5.915230331420898,8.014712524414062,14.731014251708984,20.85610580444336,23.708870830535897,14.689737127472618,5.912936338677537,8.011712685864769,14.730633869941812,20.855690015388245,23.705336370582963
1,100,all_seen,PS,190,200,0.95,129,200,131,202,100,1.6110783071091281,0.0009731606027344242,0.002290246624033898,0.33659546077251434,6.403738689422606,9.530835847854611,9.99056670755148,1.3184344261884688,4.192899703979493,9.71436595916748,16.195743465423583,19.587744483947752,8.379488400442352,-1.8747594857215881,0.4841926574707038,8.678990934044123,15.872192719439042,19.585492439148947
1,100,all_seen,NS,867,1000,0.867,153,1000,182,1030,100,11.14655751785962,1.87144660115242,4.649407982826233,11.162767887115479,17.37778596878052,20.26226949691772,5.517617625697109,0.011918994598090649,0.27666260153055194,5.284813165664673,12.05524182319641,14.750675449371338,5.628939892162511,-6.364087717756629,-2.6684539586305616,5.589984893798828,14.060804438591003,16.65558027902618
1,100,first100,RS,100,100,1.0,100,100,101,101,100,0.002287666152260499,0.00010426692686451134,0.0001591436463058926,0.001498053374234587,0.0067379180341959,0.016533166114240896,14.692024793624878,5.915230331420898,8.014712524414062,14.731014251708984,20.85610580444336,23.708870830535897,14.689737127472618,5.912936338677537,8.011712685864769,14.730633869941812,20.855690015388245,23.705336370582963
1,100,first100,PS,190,200,0.95,129,200,131,202,100,1.6110783071091281,0.0009731606027344242,0.002290246624033898,0.33659546077251434,6.403738689422606,9.530835847854611,9.99056670755148,1.3184344261884688,4.192899703979493,9.71436595916748,16.195743465423583,19.587744483947752,8.379488400442352,-1.8747594857215881,0.4841926574707038,8.678990934044123,15.872192719439042,19.585492439148947
1,100,first100,NS,867,1000,0.867,153,1000,182,1030,100,11.14655751785962,1.87144660115242,4.649407982826233,11.162767887115479,17.37778596878052,20.26226949691772,5.517617625697109,0.011918994598090649,0.27666260153055194,5.284813165664673,12.05524182319641,14.750675449371338,5.628939892162511,-6.364087717756629,-2.6684539586305616,5.589984893798828,14.060804438591003,16.65558027902618
5,500,all_seen,RS,500,500,1.0,499,500,506,507,500,0.008768772969553537,7.649128827324604e-05,0.00019251639023423194,0.0011597700067795813,0.006224967655725763,0.03885310508310782,14.626626359939575,5.943961577415466,8.336977481842041,14.530276775360107,21.82726955413818,25.220244731903076,14.617857586970022,5.858659278824925,8.331655394582777,14.5230683303962,21.82658578951668,25.219663905641937
5,500,all_seen,PS,965,1000,0.965,658,1000,672,1014,500,1.5784244961931582,0.000817117455881089,0.002632368833292276,0.298939973115921,7.1978755235671965,9.770345296859741,10.057450099103153,1.5709644985198974,3.897517287731171,9.804427146911621,16.870479011535643,20.109040336608878,8.479025602909994,-2.6413941240310668,0.9211878299713135,8.435370776802301,16.4439493911108,20.108640957335147
5,500,all_seen,NS,4205,5000,0.841,926,5000,996,5070,500,9.892108268257548,1.2972304463386537,3.940904951095581,9.791511535644531,16.19071912765503,18.933652896881114,5.173359796721884,0.01584322564303875,0.18893849775195123,4.744820594787598,11.952339506149293,14.876484041214008,4.7187484715356645,-6.0056666564941406,-2.8698075890541075,4.64210718870163,12.376897251605987,15.489612430855669
5,500,first100,RS,100,100,1.0,100,100,101,101,100,0.014366150677014957,0.00013627554137201513,0.00017337488097837194,0.0016518873162567616,0.009761861991137238,0.10983516059816359,14.317213821411134,5.883748860359192,7.426474094390869,14.149610996246338,20.551729202270504,23.101395454406752,14.302847670734117,5.489609970040619,7.4218939044047145,14.144701602868736,20.54851874382875,23.096574516498528
5,500,first100,PS,193,200,0.965,131,200,133,202,100,1.4639034316111066,0.0008168339298572392,0.0026271191309206188,0.32701995968818665,5.546733546257016,9.137236070632932,9.974352639317512,1.5644534075260161,4.333871400356294,9.684076309204102,16.470310974121087,19.21424591064453,8.510449207706406,-1.8258573138713836,0.9680689424276352,8.608432650566101,15.593111518654036,19.211425621455998
5,500,first100,NS,846,1000,0.846,155,1000,185,1030,100,10.41441010564845,1.2914189577102662,4.083270478248596,10.485747814178467,16.590384864807127,19.836413650512693,5.419369489004254,0.019468158874660732,0.2765135183930397,5.1591637134552,11.831461143493652,14.416063385009766,4.995040616644197,-6.595108170509338,-2.748215436935425,4.752802848815918,13.008971750736235,16.417731038480998
10,1000,all_seen,RS,998,1000,0.998,995,1000,1010,1015,1000,0.03190484238398858,7.100329945387784e-05,0.0001834760645579081,0.0011623300379142165,0.008037822926416992,0.08885138154029744,14.5287674780488,5.717497234344482,8.157227849960327,14.464827537536621,21.65675296783447,24.35044054031372,14.496862635664813,5.203026023358107,7.985488017741591,14.463486472493969,21.654504894030104,24.350200604609707
10,1000,all_seen,PS,1943,2000,0.9715,1347,2000,1376,2030,1000,1.5436600844235435,0.0007711654959712177,0.002560808777343482,0.2932027131319046,6.975954914093017,10.035090398788451,10.181154037229717,1.7907536435127258,3.9093461871147155,9.962728500366211,16.895080947875975,20.492758083343507,8.637493952806173,-3.1659762978553765,1.2939382791519165,8.574429869651794,16.500265240133736,20.459754145890475
10,1000,all_seen,NS,8072,10000,0.8072,1813,10000,1923,10110,1000,9.272972217135653,0.4157020628452302,2.8278811097145082,9.268556594848633,15.48057951927185,18.127093658447265,5.302156480057764,0.026243083868175743,0.21686826199293138,4.844059705734253,12.302041196823113,15.139921169281006,3.970815737077887,-8.699756546020508,-3.856557440757751,3.975939393043518,11.632867240905759,14.959556524381044
10,1000,first100,RS,100,100,1.0,99,100,100,101,100,0.0644562000548467,9.165463052340783e-05,0.00016993031749734655,0.0021353777265176177,0.030353729147464037,1.3045586025715044,14.116591687202453,5.1882671356201175,6.944411325454712,14.406761169433594,20.51537809371948,22.854967041015644,14.052135487147607,4.17690841736272,6.897891013300978,14.405791372904787,20.511157771342546,22.84818990329719
10,1000,first100,PS,193,200,0.965,133,200,135,202,100,1.4315396803661133,0.0008461065695155412,0.002674352109897882,0.35040269792079926,5.953314352035521,8.669015083312987,9.894325522184372,1.9042730987071992,4.503521418571473,9.445577144622803,16.66247568130493,19.168093185424805,8.462785841818258,-1.4216845560073852,1.2629535496234898,8.499927200376987,15.285765278729373,19.131219236496836
10,1000,first100,NS,828,1000,0.828,139,1000,169,1030,100,9.90959881928563,0.6208726435899734,3.6807454347610475,9.759498596191406,16.245542907714842,19.33379337310791,5.572238488868577,0.019514231123030187,0.3602553725242616,5.232938289642334,11.90488004684448,14.064475641250608,4.337360330417054,-8.062804989814758,-3.6454736113548276,4.2272220849990845,12.441677796840668,15.459615911551518
10,1000,first1000,RS,998,1000,0.998,995,1000,1010,1015,1000,0.03190484238398858,7.100329945387784e-05,0.0001834760645579081,0.0011623300379142165,0.008037822926416992,0.08885138154029744,14.5287674780488,5.717497234344482,8.157227849960327,14.464827537536621,21.65675296783447,24.35044054031372,14.496862635664813,5.203026023358107,7.985488017741591,14.463486472493969,21.654504894030104,24.350200604609707
10,1000,first1000,PS,1943,2000,0.9715,1347,2000,1376,2030,1000,1.5436600844235435,0.0007711654959712177,0.002560808777343482,0.2932027131319046,6.975954914093017,10.035090398788451,10.181154037229717,1.7907536435127258,3.9093461871147155,9.962728500366211,16.895080947875975,20.492758083343507,8.637493952806173,-3.1659762978553765,1.2939382791519165,8.574429869651794,16.500265240133736,20.459754145890475
10,1000,first1000,NS,8072,10000,0.8072,1813,10000,1923,10110,1000,9.272972217135653,0.4157020628452302,2.8278811097145082,9.268556594848633,15.48057951927185,18.127093658447265,5.302156480057764,0.026243083868175743,0.21686826199293138,4.844059705734253,12.302041196823113,15.139921169281006,3.970815737077887,-8.699756546020508,-3.856557440757751,3.975939393043518,11.632867240905759,14.959556524381044
20,2000,all_seen,RS,1997,2000,0.9985,1982,2000,2006,2024,2000,0.045510408950843156,8.399253245443107e-05,0.00019498950059642083,0.0013474085135385394,0.015119755454361436,1.0480178630352017,14.294991709403694,5.20924247264862,7.944204807281494,14.165019989013672,21.52253656387329,24.03330072402954,14.249481300452851,4.0156717554293575,7.839752817549743,14.158028016339813,21.5221271221817,24.032784007743466
20,2000,all_seen,PS,3873,4000,0.96825,2781,4000,2826,4048,2000,1.4175091526391062,0.0007278975704684854,0.003034536703489721,0.2446272298693657,6.494323182106008,9.56915957450866,10.14707915030606,1.7478494548797607,4.081504154205322,9.928738594055176,17.09212837219238,19.9431500816345,8.729569997666955,-3.100658197402954,1.0925669670104983,8.70791887678206,16.70738966166973,19.88788014873978
20,2000,all_seen,NS,15318,20000,0.7659,3083,20000,3353,20270,2000,8.777516842566543,0.18821417897939685,2.004497468471527,8.823408126831055,15.179056215286254,17.735620689392082,5.522313685843571,0.05583097673952579,0.33348369747400286,5.064066410064697,12.248984050750732,15.09662914276123,3.2552031567229713,-9.589457128047943,-4.749599087238312,3.2736237049102783,10.956665623188018,14.347258499748989
20,2000,first100,RS,100,100,1.0,99,100,100,101,100,0.050222825614837346,0.00012062059839081485,0.0002573276789917145,0.002365352353081107,0.13256705924868578,0.8790440613031468,13.79930447101593,4.038822817802429,6.906615924835205,14.237264156341553,20.422960853576658,23.13144487380983,13.749081645401093,3.879762432575226,6.899382945970865,14.235291391079954,20.41814548654656,23.129799940038225
20,2000,first100,PS,195,200,0.975,138,200,140,202,100,1.4422789989609737,0.0007320251181954518,0.003849027317482978,0.420550674200058,6.270835471153257,8.89222807884216,9.911936883330345,2.5244601798057555,4.50798044204712,9.6579270362854,16.534297657012935,19.229289760589598,8.469657884369372,-1.9450812816619873,2.340195775032044,8.626697704195976,15.75297317630029,19.22689832713455
20,2000,first100,NS,772,1000,0.772,123,1000,153,1030,100,9.170999008592219,0.5358846417069436,2.565619289875031,9.06464958190918,16.073427486419675,17.93931697845459,5.915540710492874,0.06074031658470631,0.47391921877861026,5.506061553955078,12.256440305709837,14.055031385421753,3.255458298099344,-9.035944900512696,-4.952193665504455,3.177041530609131,10.906774026155468,14.161935287602244
20,2000,first1000,RS,998,1000,0.998,990,1000,1005,1015,1000,0.0508281055889438,8.793324923317414e-05,0.00020529309040284716,0.0015985698555596173,0.023370673507452002,1.6144546008110037,14.121597492098807,4.6158934545516965,7.64830105304718,14.024878978729248,21.06812400817871,24.31050197601318,14.070769386509864,3.9086717104911806,7.509232635609806,14.023822821473004,21.066534840292295,24.308997790713327
20,2000,first1000,PS,1935,2000,0.9675,1348,2000,1377,2030,1000,1.5283115279583908,0.0007192873471649363,0.003155932656954974,0.32206176221370697,6.82823667526245,9.69902072906494,10.091426318112761,1.716824200153351,3.933282566070557,9.933849811553955,16.83525371551513,20.57828357696533,8.56311479015437,-3.2757729148864745,1.1884920880198482,8.574324218556285,16.28257952486165,20.57413408782333
20,2000,first1000,NS,7570,10000,0.757,1536,10000,1646,10110,1000,8.69293263923361,0.21057432889938354,2.0461504936218264,8.73281478881836,15.08045473098755,17.69970682144166,5.593824151024641,0.05583007633686066,0.3435375466942787,5.172055244445801,12.334948873519897,15.179365825653084,3.0991084882089694,-9.742677475512027,-4.915150000527501,3.146620750427246,10.830646061897275,14.21344829123468
30,3000,all_seen,RS,2993,3000,0.9976666666666667,2960,3000,3000,3040,3000,0.05684737807424123,9.223989400197752e-05,0.00022100152054918003,0.0017121669952757657,0.03594829626381387,1.6798474466800626,14.085775822331508,5.1091157865524295,7.655350375175476,13.923683166503906,21.36193675994873,24.21263025283812,14.028928444257268,4.518797636767849,7.48247942479793,13.915731605178735,21.361664013445623,24.21212488433345
30,3000,all_seen,PS,5787,6000,0.9645,4161,6000,4238,6080,3000,1.4396345260825418,0.0007585925445891917,0.0031578814727254213,0.2550103962421417,6.591391682624817,9.788618288040166,10.065711913984268,1.715439202785492,3.9306249618530273,9.91650915145874,16.882914924621584,19.78840175628664,8.626077387901727,-3.3862908926606177,0.9573783874511719,8.683841317892075,16.551925960881636,19.756981952282953
30,3000,all_seen,NS,22181,30000,0.7393666666666666,4112,30000,4486,30390,3000,8.512912787364563,0.15047669410705566,1.781214302778244,8.564157485961914,14.868297481536864,17.694474697113026,5.7143812864075185,0.07922772109508515,0.4543064862489701,5.33827018737793,12.260376214981079,15.259250631332394,2.7985315009570453,-9.7503820994962,-5.206763255596161,2.82381534576416,10.456679207086562,13.733081603050213
30,3000,first100,RS,99,100,0.99,97,100,98,101,100,0.12423113233453478,0.0001231105836632196,0.00023103663043002597,0.0036721043288707733,0.256062054634094,3.509182190895086,13.393862714767456,3.1586340856552124,5.913078403472901,14.262609481811523,19.574844074249263,22.79115514755251,13.269631582432922,1.7067751249670982,5.739463950693608,13.997388904797845,19.565222376468586,22.79083117252421
30,3000,first100,PS,194,200,0.97,134,200,136,202,100,1.5038881749028223,0.0013878870045300573,0.0032719993847422305,0.4313860088586807,5.94679601192474,9.883890018463134,9.857020153105259,1.7087150490283967,4.308248209953309,9.76429796218872,16.33497819900512,19.077401123046865,8.353131978202436,-1.4552951240539551,1.317063952982426,8.403309054672718,15.936345927556975,19.074691587097465
30,3000,first100,NS,729,1000,0.729,92,1000,122,1030,100,8.923227285245433,0.2613003692030907,2.01063985824585,8.919525146484375,15.764006757736206,18.20302673339844,6.270524099724367,0.13425259292125702,0.7211223900318146,5.8816235065460205,12.671723031997677,14.856706428527831,2.6527031855210663,-8.985587244182826,-5.453486169874668,2.701965808868408,10.457184672355652,13.560380406975742
30,3000,first1000,RS,994,1000,0.994,979,1000,994,1015,1000,0.08823897913490873,9.759903492522426e-05,0.00022441014807554892,0.002130859182216227,0.07803893573582167,2.362836642265317,13.695536646544934,4.296081213951111,6.789226508140564,13.688422203063965,20.82220058441162,23.840546379089346,13.607297667410025,2.374143501520157,6.617231774516404,13.669794959314459,20.82153774095641,23.837087109928536
30,3000,first1000,PS,1926,2000,0.963,1329,2000,1358,2030,1000,1.563968164482465,0.0009814320906298235,0.0033793503185734156,0.36318984627723694,7.00601601600647,9.877370471954345,9.945652662277222,1.3843390798568727,3.6983443379402163,9.758259773254395,16.674590110778805,20.19149677276611,8.381684497794756,-3.8893087968230247,0.7510198682546616,8.512537807226181,16.309699288289995,20.173159302261194
30,3000,first1000,NS,7278,10000,0.7278,1366,10000,1476,10110,1000,8.396526865186193,0.15047669410705566,1.7465108036994934,8.455501079559326,14.759750604629504,17.53825983047486,5.801815925498703,0.07548009857535362,0.4387970566749573,5.46765923500061,12.31888470649719,15.507040758132945,2.5947109396874906,-10.296000805497169,-5.42337720990181,2.635596752166748,10.384345135092735,13.654790009260177
40,4000,all_seen,RS,3993,4000,0.99825,3933,4000,3986,4053,4000,0.07966537513579124,9.725455514853821e-05,0.0002331342693651095,0.002019094186834991,0.06852410286664963,2.613278732299799,13.838474044375122,4.724553217887879,7.5260563611984255,13.633859634399414,20.900061511993407,24.039374198913567,13.75880866923933,3.706410078406334,7.325036809896119,13.614297294639982,20.895263965689807,24.03899758518178
40,4000,all_seen,PS,7728,8000,0.966,5533,8000,5637,8106,4000,1.416385314392759,0.0008150152198504656,0.0031635200837627055,0.2622668743133545,6.487968945503221,9.640690746307376,10.007078826861456,1.8332398748397825,4.01617615222931,9.86814022064209,16.744293308258055,19.795053596496587,8.590693512468697,-3.1514722013473517,1.0072640895843508,8.59385222196579,16.43974477809387,19.743318423694
40,4000,all_seen,NS,28784,40000,0.7196,4928,40000,5378,40470,4000,8.3639914047662,0.17468658909201623,1.7089406430721283,8.383939266204834,14.762428140640257,17.60721273422243,5.826423302714748,0.0995598427951336,0.5280039936304093,5.505749702453613,12.33509440422057,15.356640911102295,2.5375681020514516,-9.719146072864532,-5.3431850373744965,2.57399320602417,10.099200630187982,13.313200747072706
40,4000,first100,RS,100,100,1.0,97,100,98,101,100,0.17806274669419508,0.00015403275581775234,0.00031965006928658113,0.0055257894564419985,0.30414170622825537,4.333707537651063,13.016433801651,4.33660521030426,5.398304724693299,13.202518939971924,19.69863185882568,22.754813537597677,12.838371054956806,1.813925757408142,5.054759718105197,13.06914830673486,19.698241047353076,22.753303073026494
40,4000,first100,PS,195,200,0.975,132,200,134,202,100,1.5319985690672184,0.001805189228616655,0.005197598319500686,0.43872009217739105,6.204244709014886,10.247950267791747,9.665458814501763,2.276272077560425,4.255409479141235,9.32176923751831,16.128306579589843,18.26086771011351,8.133460245434543,-2.051057858467102,1.022222876548767,7.984200015664101,15.75744247108232,18.256291474009615
40,4000,first100,NS,707,1000,0.707,82,1000,112,1030,100,8.805348648224957,0.1975342309474945,1.70579891204834,8.845585346221924,15.644217252731321,18.589739990234374,6.443597397830337,0.16276477605104447,0.8132067561149597,6.069886684417725,12.839302730560302,15.244072790145873,2.36175125039462,-9.279716826677323,-5.950131809711456,2.5321097373962402,10.19801412820816,13.12799510732293
40,4000,first1000,RS,995,1000,0.995,978,1000,993,1015,1000,0.1272732021023112,0.00012736462944303638,0.00025360349682159724,0.002888497314415872,0.24844474121928156,4.309681930541992,13.26651031023264,3.6366522216796877,6.299264073371887,13.24057388305664,20.238849639892578,23.489738979339595,13.139237108130327,2.145787251293659,6.010988723486662,13.179813087263028,20.238208620273507,23.48839622209314
40,4000,first1000,PS,1918,2000,0.959,1308,2000,1337,2030,1000,1.6093814569743918,0.0008318039606092498,0.00360121593112126,0.4113733023405075,6.97653534412384,9.844519262313844,9.82770166485384,1.3977003931999208,3.646186113357544,9.629112720489502,16.47109889984131,20.011779556274416,8.218320207879449,-3.631305113211274,0.5591117858886719,8.172099456656724,16.00112713850103,19.92102390572196
40,4000,first1000,NS,7056,10000,0.7056,1224,10000,1334,10110,1000,8.238947323252106,0.19770936995744712,1.6198489725589755,8.23047685623169,14.662065124511715,17.394620132446295,5.908704012952582,0.095534490570426,0.5288825094699859,5.597396373748779,12.395199394226061,15.76687673568726,2.3302433102995246,-10.115001782155595,-5.499747574329376,2.3527464866638184,10.030689334869383,13.201218187808992
50,5000,all_seen,RS,4988,5000,0.9976,4905,5000,4974,5069,5000,0.09442052200518447,0.00010691905401472468,0.0002721118289628066,0.0024704195093363523,0.11852968931198124,2.9866743516922036,13.573340511059762,4.677249493598938,7.216192150115967,13.320230484008789,20.655246543884278,23.804224853515628,13.478919989054578,3.418979038596153,6.873127398709767,13.288103871105704,20.65229246187446,23.804023591116277
50,5000,all_seen,PS,9654,10000,0.9654,6949,10000,7084,10138,5000,1.4255407513443992,0.0008883546630386263,0.0033051646081730724,0.2797677665948868,6.466696333885192,9.641423292160043,9.960918338931165,1.9050495243072512,4.045227813720703,9.796820163726807,16.64515647888183,19.608126983642578,8.535377587586767,-2.9836102002859115,0.9458678245544435,8.569611311657354,16.343232419015834,19.498044362319646
50,5000,all_seen,NS,35406,50000,0.70812,5763,50000,6296,50560,5000,8.27210081605726,0.13721951231360438,1.6126361787319186,8.256957530975342,14.69909243583679,17.52046649932862,5.93930671634411,0.1318284124135971,0.6218113005161285,5.592927932739258,12.405475616455076,15.447362976074231,2.332794099713152,-9.776431833505631,-5.4871665954589846,2.3950605392456055,9.831081700325011,13.065955359190715
50,5000,first100,RS,100,100,1.0,97,100,98,101,100,0.2106894273776561,0.0001877286059607286,0.0003295056420029141,0.006090414710342884,0.6897975534200661,5.56869299888611,12.73612538576126,3.9699800562858583,5.103418564796447,12.78248929977417,18.73303117752075,22.085376434326196,12.525435958383605,1.385598578453064,4.157388044893741,12.55024525988847,18.731368018116335,22.0833794658464
50,5000,first100,PS,194,200,0.97,133,200,135,202,100,1.5223136549716583,0.0013590156799182297,0.005294903554022313,0.4637274593114853,6.458953285217285,9.272969856262204,9.61725039422512,2.434982931613922,4.376067662239075,9.335282802581787,16.65452289581299,18.40374866485595,8.094936739253463,-1.54037278175354,1.407599733769894,7.682731244713068,16.099090019194406,18.06681301936739
50,5000,first100,NS,693,1000,0.693,81,1000,111,1030,100,8.69133328253869,0.1976661817729473,1.4939019143581391,8.789019107818604,15.528651189804076,18.188265113830564,6.519098636202282,0.19115577012300491,0.8258330494165421,6.275910377502441,12.627466964721679,14.87808629035949,2.1722346463364084,-9.461494487226009,-5.8239584336522965,2.229010581970215,9.980316230654717,13.06436869829893
50,5000,first1000,RS,994,1000,0.994,970,1000,985,1015,1000,0.1612568181510942,0.00012299257999984548,0.00030863291322020815,0.0037783441366627812,0.45272691845893787,5.567751517295835,12.88783990764618,2.7656225824356078,6.058282327651978,12.656310558319092,19.7612904548645,22.627996959686275,12.726583089495085,1.694511399269104,5.495613259635865,12.609804772771895,19.75649007731117,22.62758128426299
50,5000,first1000,PS,1910,2000,0.955,1312,2000,1341,2030,1000,1.6471450597079311,0.0011064712435472756,0.00451158860232681,0.4341942369937897,7.205236530303954,10.065929145812987,9.721078191723674,1.3940663540363314,3.744802689552307,9.49063491821289,16.325652694702143,19.65385366439819,8.073933132015743,-3.9805487155914308,0.23555583953857423,7.9721391797065735,15.970552540384233,19.643150905766525
50,5000,first1000,NS,6914,10000,0.6914,1120,10000,1230,10110,1000,8.175478656674432,0.13508243903517725,1.465671193599701,8.153544902801514,14.661783266067502,17.222893371582035,6.0951794347061545,0.13182392686605454,0.631381094455719,5.773309230804443,12.605914449691772,15.792233228683486,2.080299221968279,-10.3089706684649,-5.758962297439575,2.163998603820801,9.61366044580936,12.951030688444153
60,6000,all_seen,RS,5984,6000,0.9973333333333333,5860,6000,5945,6085,6000,0.11292289724070118,0.00011693508975440636,0.0003317404698464088,0.0030875771772116423,0.19168670997023593,3.8169206690788324,13.308732104182864,4.760865678787232,7.0379044771194454,13.093970775604248,20.378165149688723,23.40176643371584,13.195809206942164,3.158134827613831,6.586277102353051,13.061018160311505,20.36437421906303,23.39964930877266
60,6000,all_seen,PS,11596,12000,0.9663333333333334,8286,12000,8452,12170,6000,1.4457917227252535,0.000962117433664389,0.0037304650060832503,0.3034280389547348,6.548985290527334,9.637249708175661,9.876687508194397,2.00468056678772,4.008623480796814,9.713360786437988,16.406126689910888,19.59146158218384,8.430895785469144,-2.8363706874847407,1.0035609841346744,8.406476717442274,16.06449530280661,19.45869203250158
60,6000,all_seen,NS,41621,60000,0.6936833333333333,6148,60000,6834,60730,6000,8.232115717702868,0.12762234181165696,1.599678236246109,8.220359802246094,14.654604768753051,17.564633083343512,6.09268642512185,0.14253543347120284,0.7010196506977082,5.7819952964782715,12.479630851745602,15.528373460769656,2.139429292581016,-10.039291698485613,-5.740686115622521,2.206989288330078,9.58194615244865,12.824000992774964
60,6000,first100,RS,99,100,0.99,94,100,95,101,100,0.36969434269194607,0.00019730761472601442,0.0004201599382213317,0.00741453655064106,1.6375848174095096,6.5099037075042725,12.34386036157608,3.4785264348983764,5.1047237634658815,12.710316181182861,19.212767601013184,21.224484481811555,11.974166018884134,0.5627902364730835,3.3003182649612426,12.668135751970112,19.20728738673497,21.223952153171442
60,6000,first100,PS,194,200,0.97,131,200,133,202,100,1.5924932875559898,0.001833227757597342,0.00455147281754762,0.523650586605072,5.842068529129016,10.094286222457885,9.485144315361977,2.2937591099739074,4.153402972221374,9.154808044433594,16.399529457092285,18.73092952728271,7.892651027805987,-1.3247049236297608,1.210072946548462,7.83100726082921,15.697238659602583,17.664525966641946
60,6000,first100,NS,695,1000,0.695,79,1000,109,1030,100,8.673142587789334,0.16615371227264406,1.5065910995006564,8.624452114105225,15.463023328781127,17.620611763000483,6.590667765917722,0.21002664074301722,0.9716046661138534,6.353173494338989,12.761782693862914,15.464665212631225,2.082474821871612,-9.715263606756926,-6.157088112831116,2.049260139465332,10.065318274497983,13.01146686226129
60,6000,first1000,RS,992,1000,0.992,957,1000,972,1015,1000,0.20768611371568113,0.00010054797749035061,0.00041628158796811474,0.005611263448372483,0.9717165499925611,5.9135567283630355,12.503571469545365,3.230090546607971,5.616931915283203,12.34803819656372,19.563941574096678,22.385888595581054,12.295885355829684,0.7360478162765504,5.10946506485343,12.327223586646141,19.55969264267478,22.384566835121365
60,6000,first1000,PS,1914,2000,0.957,1287,2000,1316,2030,1000,1.6979076137969096,0.0014120665995869786,0.005096094240434468,0.490585133433342,7.223348927497862,9.804058341979978,9.570369514495134,1.3243319666385651,3.629825437068939,9.363093376159668,16.08340139389038,19.66524549484253,7.872461900698225,-3.747958264350891,0.3262454032897951,7.822467610239983,15.536479895166119,19.664547704307186
60,6000,first1000,NS,6688,10000,0.6688,967,10000,1076,10110,1000,8.082338256548187,0.0843166144192219,1.409334844350815,8.063694477081299,14.522915315628046,17.16267026901245,6.248781666544871,0.18969018131494533,0.7362918049097061,6.013285160064697,12.669341421127319,15.736152973175056,1.8335565900033157,-10.733900544773787,-5.905517983436584,1.888843059539795,9.2344054043293,12.583482482433324
70,7000,all_seen,RS,6981,7000,0.9972857142857143,6818,7000,6923,7106,7000,0.12776887536117648,0.00012742303471895865,0.00035338118177605807,0.0034828856587409973,0.31397810429334616,3.956331248283395,13.15328161589695,4.521152906417846,6.92019829750061,12.898398399353027,20.272976398468014,23.042989673614503,13.025512740535772,2.941443819887936,6.3311132371425645,12.852585192944389,20.265877180569802,23.04105260045064
70,7000,all_seen,PS,13492,14000,0.9637142857142857,9671,14000,9878,14212,7000,1.458326438828437,0.0009699645795626566,0.003980197384953499,0.3211546987295151,6.556942343711853,9.760243721008305,9.784854757598335,1.9547824358940125,3.996352958679199,9.607118129730225,16.368204879760743,19.319157123565677,8.326528318769899,-3.0532029938697813,0.7716764330863953,8.305666781961918,16.02402976648882,19.231437621340163
70,7000,all_seen,NS,47659,70000,0.6808428571428572,6707,70000,7470,70900,7000,8.198011465158384,0.09944136440753937,1.5206961333751678,8.188159942626953,14.655354499816896,17.504956760406454,6.259402891430565,0.1577685409784317,0.749527034163475,5.964240312576294,12.71625089645386,15.930959806442246,1.9386085737278178,-10.463106591403484,-5.924671220779419,2.0178656578063965,9.396813553571702,12.700835069119918
70,7000,first100,RS,99,100,0.99,91,100,92,101,100,0.4960734769261035,0.0001582092086027842,0.000644422514596954,0.009418445639312267,4.001645922660825,6.443718314170839,12.010341496467591,2.8757090330123902,5.103345251083374,12.24692964553833,19.006448650360106,19.969579620361362,11.514268019541486,0.40211471557617184,2.4872078180313113,12.19879934733035,18.99665015034843,19.965873453342102
70,7000,first100,PS,193,200,0.965,122,200,124,202,100,1.6846444364613853,0.0023226238531060517,0.011235488299280408,0.6716123521327972,7.146846199035643,9.870083904266357,9.246740084290504,2.1957028776407244,3.543680286407471,9.048070907592773,15.871758556365963,17.571534118652345,7.5620956478291195,-2.040646357536316,0.5555939197540284,7.441333649680018,15.596624748408788,17.51326280236244
70,7000,first100,NS,681,1000,0.681,69,1000,99,1030,100,8.642072668036446,0.11624919854104519,1.5114641785621643,8.622108459472656,15.646715593338012,17.769407310485835,6.778552952536382,0.24789873406291008,1.1539787590503694,6.592889308929443,12.95039219856262,15.970161247253417,1.8635197155000642,-10.369632019847632,-6.7220200300216675,2.0098509788513184,9.56888315081596,12.779665085673331
70,7000,first1000,RS,994,1000,0.994,950,1000,965,1015,1000,0.25004617525308276,0.0001245742946775863,0.00047521621454507115,0.007110941922292113,1.2589813411235804,6.414023313522339,12.28699572455883,3.2187482476234437,5.5717424869537355,12.23860788345337,19.622371482849122,22.449628410339354,12.036949549305747,1.0783035469055176,4.368084149621427,12.207601809408516,19.588113744196015,22.4435176454141
70,7000,first1000,PS,1908,2000,0.954,1273,2000,1302,2030,1000,1.7476212798456836,0.0014556369243655357,0.006013953452929854,0.567325621843338,7.292624688148498,9.958975429534911,9.43988285156712,1.3766237258911134,3.4666418313980105,9.228161811828613,15.860338258743285,18.732642192840576,7.692261571721436,-3.3957867234945294,0.22926054000854496,7.648266179021448,15.367473740503192,18.66313876643311
70,7000,first1000,NS,6567,10000,0.6567,904,10000,1009,10110,1000,8.084054372199818,0.08233926445245743,1.424634325504303,8.033323287963867,14.552943658828731,17.228400173187257,6.431845830618847,0.2053463201224804,0.8040793836116791,6.121343374252319,12.972344827651977,16.11686790466309,1.6522085415809722,-11.231187353848945,-6.091703581809997,1.7277812659740448,9.13492777347564,12.416493688821797
80,8000,all_seen,RS,7981,8000,0.997625,7763,8000,7888,8127,8000,0.14986859315602,0.0001402863854309544,0.000383213275927119,0.004182460950687528,0.46762491911649684,4.5283881855010994,12.954472357495687,4.309914841651916,6.6572598695755,12.761634349822998,19.93303308486938,23.031771144866944,12.804603764339667,2.5616521739959714,6.0442121140658855,12.712381480727345,19.93225634983973,23.02931464923371
80,8000,all_seen,PS,15406,16000,0.962875,11005,16000,11245,16254,8000,1.4869255500285763,0.0009662702603964135,0.004001094843260944,0.33339694142341614,6.59159288406372,9.818242425918582,9.733369165161028,1.9201245343685152,3.888657259941101,9.555375099182129,16.2909912109375,19.33020875930786,8.246443615132451,-3.203797845840454,0.7412927925586702,8.20426849834621,15.989126009121533,19.293980823531747
80,8000,all_seen,NS,53521,80000,0.6690125,7077,80000,7943,81050,8000,8.14805245220243,0.0923472748696804,1.4280749976634979,8.164027214050293,14.591925954818727,17.48294273376465,6.36881019298004,0.1609016725420952,0.8071627229452133,6.129715919494629,12.787031555175783,15.82329880714413,1.779242259222392,-10.359673066735267,-6.096550965309143,1.8542122840881348,9.225241255760194,12.45018861785531
80,8000,first100,RS,99,100,0.99,91,100,92,101,100,0.5163036068886868,0.00029601478250697256,0.000753726446419023,0.012939265929162502,3.7819988846778863,6.82621802330018,11.648828573226929,2.2831890392303467,5.032569766044617,11.917508125305176,18.849662017822265,19.444384555816686,11.132524966338242,0.9735347670316696,3.1528080224990847,11.807418511074502,18.781955384783213,19.43862612706496
80,8000,first100,PS,193,200,0.965,124,200,126,202,100,1.7510882531502283,0.0025850447942502796,0.007710042665712536,0.7700114846229553,6.66681334972381,9.569805040359496,9.164449989795685,1.9476700377464295,3.612649977207184,9.14264440536499,16.24056167602539,18.085082702636715,7.413361736645457,-2.461069803237915,0.6894505023956302,7.198382895439863,15.658374464279039,17.989937548935412
80,8000,first100,NS,669,1000,0.669,59,1000,89,1030,100,8.706478694163728,0.12259632751345635,1.4015528500080108,8.698440551757812,15.42207703590393,18.32583631515503,6.978807210263796,0.2432271145284176,1.3765127122402192,6.818827867507935,13.33003587722778,16.19186689376831,1.7276714838999323,-9.684195978865027,-6.438670712709427,1.7680609226226807,9.328386163711546,12.677529015541076
80,8000,first1000,RS,994,1000,0.994,940,1000,954,1015,1000,0.3094614302494847,0.00015433431428391487,0.00048343173548346394,0.010155490599572659,1.830655902624125,5.7602145481109615,11.97858016732335,2.659286320209503,5.477315163612366,11.971999168395996,18.990180969238278,21.44578868865967,11.669118737073866,1.040170636177063,3.8585645580664276,11.789018504088745,18.988119039346927,21.43728661273606
80,8000,first1000,PS,1898,2000,0.949,1260,2000,1287,2030,1000,1.8224531796137526,0.0015944768546614797,0.006619081576354802,0.6725204885005951,7.2890511274337735,10.424963874816894,9.333872355550527,1.4304700720310213,3.463434147834778,9.170859336853027,15.920893669128418,18.695246562957763,7.5114191759367746,-4.04518494606018,-0.06348192691802967,7.43734934926033,15.409977727383374,18.69183186730603
80,8000,first1000,NS,6442,10000,0.6442,843,10000,943,10110,1000,8.043517311676926,0.07188421726226808,1.3416753590106965,8.062249183654785,14.49951148033142,17.412475166320803,6.550927360356401,0.20201556444168095,0.8644106328487396,6.338996887207031,13.029755306243896,16.3433395957947,1.4925899513205236,-11.131536080017685,-6.218360364437103,1.5505504608154297,8.90507650375366,12.108461132049564
90,9000,all_seen,RS,8964,9000,0.996,8662,9000,8803,9145,9000,0.1850418639215108,0.0001617479643027764,0.00044416457094484943,0.005308045540004969,0.7211760699748987,4.779093494415283,12.59913311500599,4.1513969469070435,6.3581129789352415,12.404871463775635,19.476710414886472,22.78219545364381,12.414091251084477,1.6243892407417295,5.517134261131287,12.339652542257681,19.476212309555557,22.780181258648234
90,9000,all_seen,PS,17301,18000,0.9611666666666666,12220,18000,12490,18290,9000,1.5301567717705211,0.0010614565131254494,0.00444971073884517,0.3776821196079254,6.715666890144346,9.946114044189432,9.614976219325559,1.909289300441742,3.8508296370506288,9.413849353790283,16.118375110626218,19.249198112487736,8.084819447555038,-3.1568446731567383,0.675061082839966,8.04615781456232,15.747690779343245,19.174051746439414
90,9000,all_seen,NS,59364,90000,0.6596,7656,90000,8578,91140,9000,8.075625387397244,0.08730683155357838,1.444080835580826,8.083059787750244,14.499766540527345,17.435499000549314,6.4361233329623655,0.16999533101916314,0.8690748631954193,6.225573539733887,12.881060314178468,15.958832254409778,1.6395020544348788,-10.418384552001953,-6.129920959472656,1.719862461090088,9.015356850624084,12.322257194519036
90,9000,first100,RS,99,100,0.99,89,100,90,101,100,0.686784034508164,0.0005018416937673465,0.001138646574690938,0.026785454712808132,4.170645308494565,6.947763471603425,11.059431459903717,2.3222384309768676,4.507676386833191,10.825380325317383,18.19594602584839,19.198167781829866,10.372647425395552,0.10125100910663597,2.8346562847495083,10.486866854131222,18.180049668694846,19.185469743668833
90,9000,first100,PS,188,200,0.94,118,200,120,202,100,1.9787365040060831,0.0026835714001208545,0.008914287388324739,0.8853960335254669,8.060216426849362,10.497938547134396,8.997348806262016,1.0913162767887115,3.451079082489014,8.750579833984375,16.06031904220581,17.75836849212646,7.018612302255933,-3.0501562118530274,-0.2097814917564392,7.291667778044939,15.572135868342588,16.94024157863924
90,9000,first100,NS,662,1000,0.662,53,1000,83,1030,100,8.6354559379532,0.04368841238319874,1.52492595911026,8.646658420562744,15.353749990463257,17.771156158447265,6.984579514310229,0.22020702823996544,1.3695809245109558,6.741118907928467,13.307505750656127,16.02259664535522,1.6508764236429707,-9.866549647450446,-6.105358937382698,1.7739224433898926,9.174156993627548,12.568614439964295
90,9000,first1000,RS,989,1000,0.989,916,1000,930,1015,1000,0.4223562749120938,0.00021167183105717414,0.0006356721627525985,0.015481298323720694,2.7140910148620576,6.961595067977903,11.47365587091446,2.999298071861267,4.87428982257843,11.367189884185791,18.40640830993652,21.141424903869627,11.051299596002366,-0.05423438072204583,3.4895866926759482,11.181728148658294,18.404528743337135,21.133869433845394
90,9000,first1000,PS,1890,2000,0.945,1233,2000,1260,2030,1000,1.893497679871827,0.0016359946329612288,0.008136140648275614,0.7385411858558655,7.54290542602539,10.864062147140503,9.159437871292234,1.2284702146053315,3.318288516998291,8.95507001876831,15.604464054107664,18.512892246246338,7.265940191420406,-4.42656840801239,-0.18081898689270018,7.296657085418701,15.143648979160934,18.191205900181085
90,9000,first1000,NS,6334,10000,0.6334,788,10000,885,10110,1000,7.977099697662284,0.07419148087501526,1.2399031400680542,7.970822334289551,14.438159799575804,17.282385902404787,6.624637354574771,0.20899087116122247,0.9860447466373443,6.437655448913574,13.006969928741452,16.187096958160403,1.352462343087513,-10.982427673339844,-6.366126996278763,1.4537715911865234,8.717252135276793,11.920580158233646
100,10000,all_seen,RS,9939,10000,0.9939,9529,10000,9688,10163,10000,0.23052669824153363,0.00018700758140766994,0.0005121945810969919,0.007097152993083,1.2069969236850717,5.449678969383243,12.238441832916997,3.768932344913483,5.958319091796875,12.03248929977417,19.263257312774655,22.35930395126344,12.007915134675462,0.9668143719434739,5.009534561820328,11.962727125850506,19.242085926921565,22.358871355219463
100,10000,all_seen,PS,19136,20000,0.9568,13362,20000,13658,20326,10000,1.589230836491704,0.0011348886752966792,0.004942692932672799,0.4179297685623169,6.799633216857905,10.046595315933226,9.5058385669454,1.8549896597862245,3.74381822347641,9.301262855529785,15.889679574966427,18.989552860259984,7.9166077304536975,-3.439026844501495,0.38713254928588914,7.909786239266396,15.518265584483737,18.854945764087606
100,10000,all_seen,NS,65348,100000,0.65348,8210,100000,9195,101270,10000,8.020098856322392,0.09507974736392498,1.387358009815216,8.03192663192749,14.38521494865417,17.255455112457277,6.458118594320882,0.1964022299647331,0.8802564740180969,6.244174480438232,12.728245735168457,15.78129800796507,1.5619802620015093,-10.163998901844025,-6.078821206092834,1.6051925420761108,8.853906774520873,12.146029472351074
100,10000,first100,RS,99,100,0.99,88,100,89,101,100,0.7678097838486428,0.0005207490661996417,0.0015890498325461524,0.04356324300169945,4.601664090156555,7.503472890853925,10.697475160360336,2.2797628724575043,4.5687354564666744,10.175459861755371,17.75157537460327,19.86412038803104,9.929665376511693,0.4991297245025634,2.081753284484148,9.87797889392823,17.748636379779782,19.860114769556418
100,10000,first100,PS,187,200,0.935,114,200,116,202,100,2.093991973960074,0.0030140387150458994,0.013141284463927152,1.0933324098587036,8.048348140716545,10.672811803817744,8.91474340930581,1.2340762221813202,3.2017696976661685,8.742342948913574,15.439368152618407,17.06762008666991,6.820751435345738,-2.7034778499603274,-0.5574219703674316,7.03204239346087,14.828546104021369,16.819688700996338
100,10000,first100,NS,662,1000,0.662,41,1000,71,1030,100,8.510329518654967,0.10650598607957364,1.1798644959926607,8.414082527160645,14.957726526260375,17.520560359954832,6.995555140785873,0.4499652788043022,1.753664118051529,6.795515060424805,13.110730695724486,16.577265701293946,1.514774377869093,-9.117617150321603,-6.145040798187256,1.6139698028564453,8.74359436035156,12.359823170900343
100,10000,first1000,RS,987,1000,0.987,887,1000,901,1015,1000,0.5201093687742068,0.0002270977092848625,0.0008292752114357427,0.02543263230472803,3.2227668881416225,6.823058876991271,11.022371007569134,2.3944530081748963,4.505774688720703,10.917133331298828,18.183989429473872,20.8116131401062,10.502261638794927,-0.47849563539028167,2.983697648346424,10.606447719503194,18.182485194090983,20.81110711534828
100,10000,first1000,PS,1883,2000,0.9415,1201,2000,1228,2030,1000,1.9564515024199391,0.0020972607587464156,0.01044857413507998,0.7794003188610077,7.664730286598205,10.8723846244812,8.983771776378155,1.0882762145996094,3.1259552597999574,8.806164741516113,15.39770998954773,18.41941171646118,7.027320273958216,-4.860312757492065,-0.5397920131683349,7.049377843737602,14.73818086843239,17.713923870828
100,10000,first1000,NS,6258,10000,0.6258,725,10000,820,10110,1000,7.9106409051842554,0.06908520936965946,1.2222147047519685,7.929692983627319,14.273313951492305,17.136159267425537,6.677669104204944,0.22635849788784984,1.034695386886597,6.457937479019165,12.959520912170406,16.02991813659668,1.2329718009793111,-10.75421608481556,-6.325056946277618,1.2635955810546875,8.501882743835449,11.751193587780007
