arm,accepted_edit_count,early_request_denominator,recent_request_denominator,early_eff,recent_eff,delta_recent_minus_early_eff,early_gen_prompt,recent_gen_prompt,delta_recent_minus_early_gen_prompt,early_gen_strict,recent_gen_strict,delta_recent_minus_early_gen_strict,early_loc,recent_loc,delta_recent_minus_early_loc,delta_recent_minus_early_rewrite_target_new_nll_mean,delta_recent_minus_early_rewrite_target_new_nll_median,delta_recent_minus_early_rewrite_target_new_nll_p90,delta_recent_minus_early_rewrite_target_new_nll_max,delta_recent_minus_early_rewrite_target_new_margin_mean,delta_recent_minus_early_rewrite_target_new_margin_median,delta_recent_minus_early_rewrite_target_new_margin_p90,delta_recent_minus_early_rewrite_target_new_margin_max,delta_recent_minus_early_rewrite_target_true_nll_mean,delta_recent_minus_early_rewrite_target_true_nll_median,delta_recent_minus_early_rewrite_target_true_nll_p90,delta_recent_minus_early_rewrite_target_true_nll_max,delta_recent_minus_early_rewrite_target_true_margin_mean,delta_recent_minus_early_rewrite_target_true_margin_median,delta_recent_minus_early_rewrite_target_true_margin_p90,delta_recent_minus_early_rewrite_target_true_margin_max,delta_recent_minus_early_rephrase_target_new_nll_mean,delta_recent_minus_early_rephrase_target_new_nll_median,delta_recent_minus_early_rephrase_target_new_nll_p90,delta_recent_minus_early_rephrase_target_new_nll_max,delta_recent_minus_early_rephrase_target_new_margin_mean,delta_recent_minus_early_rephrase_target_new_margin_median,delta_recent_minus_early_rephrase_target_new_margin_p90,delta_recent_minus_early_rephrase_target_new_margin_max,delta_recent_minus_early_rephrase_target_true_nll_mean,delta_recent_minus_early_rephrase_target_true_nll_median,delta_recent_minus_early_rephrase_target_true_nll_p90,delta_recent_minus_early_rephrase_target_true_nll_max,delta_recent_minus_early_rephrase_target_true_margin_mean,delta_recent_minus_early_rephrase_target_true_margin_median,delta_recent_minus_early_rephrase_target_true_margin_p90,delta_recent_minus_early_rephrase_target_true_margin_max,delta_recent_minus_early_locality_target_true_nll_mean,delta_recent_minus_early_locality_target_true_nll_median,delta_recent_minus_early_locality_target_true_nll_p90,delta_recent_minus_early_locality_target_true_nll_max,delta_recent_minus_early_locality_target_true_margin_mean,delta_recent_minus_early_locality_target_true_margin_median,delta_recent_minus_early_locality_target_true_margin_p90,delta_recent_minus_early_locality_target_true_margin_max
LM,1000,200,200,0.62,0.995,0.375,0.4775,0.7925,0.315,0.35,0.68,0.33000000000000007,0.1785,0.2165,0.038000000000000006,-1.8540311981605555,-0.4491376611404121,-5.279757571220397,-14.526964664459229,5.5167264127731315,4.7499308586120605,2.5823679924011227,2.291750907897949,4.449973501414061,4.798633575439453,3.402217769622805,3.8300342559814453,-4.93297350883484,-5.423282146453857,-5.450140380859375,-1.9903831481933594,-1.7090479242397851,-1.7504753340035677,-3.485714213550092,-9.300625801086426,3.166967315673828,3.6703062057495117,1.9142712593078617,1.301955223083496,2.419433676740155,2.494747042655945,2.105928993225099,5.139171123504639,-2.902314221858978,-2.9103031158447266,-2.6859782218933077,-4.2634687423706055,-0.1898658724335256,-0.06806575357914024,-0.6164207816123977,-0.9247862815856944,0.2520156073570252,0.12126684188842773,0.3478622436523442,0.38217830657958984
LM,1500,300,300,0.14333333333333334,0.93,0.7866666666666667,0.10333333333333333,0.795,0.6916666666666667,0.03333333333333333,0.6833333333333333,0.65,0.175,0.162,-0.012999999999999984,-4.6618504109752426,-4.285243650898337,-9.607567393779755,-2.157504081726074,8.310979925791422,7.985454082489014,7.344832992553712,9.532428741455078,4.901556071788073,4.907102108001709,5.158367061614989,10.862436294555664,-6.164349142710368,-6.1168365478515625,-5.653111267089845,-0.049437522888183594,-4.68683293163736,-5.145289329811931,-6.809607000183313,-6.646785140037537,6.819263257980347,7.183848142623901,6.6930380821228,9.027596473693848,2.802667369929453,3.12467360496521,2.5162355899810773,4.321881294250488,-3.4592848650614414,-3.7439630031585693,-3.5142055988311762,0.22223758697509766,0.010021565744033012,0.202119234204293,-0.32935508728027507,1.2854289531707757,-0.3165437523523966,-0.06789875030517578,-0.0440846443176266,-0.8686389923095703
LM,2000,400,400,0.0325,0.6175,0.5850000000000001,0.025,0.4675,0.4425,0.0025,0.34,0.3375,0.032,0.0305,-0.0015000000000000013,-6.487591563005401,-8.780362606048584,-4.764278984069824,-3.762667655944824,8.489505351781846,8.669894456863403,10.427024126052858,7.520666122436523,2.056239614281804,1.7485413551330566,3.004147911071776,5.081327438354492,-3.1264816439151772,-2.382014036178589,-2.129473161697387,1.4541654586791992,-5.781277086220797,-6.876067399382009,-3.9819416522979765,-6.070043087005615,6.7360734105110165,6.380340576171875,9.394400691986085,10.159995079040527,1.125896277509165,0.6107423305511475,2.1811845302581787,7.289097785949707,-1.9989305698871611,-1.3918228149414062,-1.1015169620513916,-1.4958600997924805,-0.020673587273805083,0.007687616348265536,-0.20175659179687422,-0.7746433258056662,0.02412647008895874,-0.05959939956665039,-0.25196118354797026,-1.8552122116088867
LM,3000,600,600,0.05,0.535,0.48500000000000004,0.020833333333333332,0.18583333333333332,0.16499999999999998,0.008333333333333333,0.09,0.08166666666666667,0.0295,0.024666666666666667,-0.004833333333333332,-6.117580826389846,-7.070903301239014,-5.870215272903442,-4.404735565185547,7.0096303852399195,7.497706890106201,7.188470602035522,3.722947120666504,0.2697372996434577,0.251556396484375,0.4086997985839851,-0.1740283966064453,-1.0713728165626524,-0.9372725486755371,-1.115443801879882,-0.38591480255126953,-3.8138106154966707,-3.867363214492798,-3.3242879867553725,-1.9772920608520508,3.5838954782485963,3.591547727584839,4.52187581062317,4.865400314331055,-0.15357921388000406,-0.23216533660888672,-0.27830262184143173,1.995595932006836,-0.06923392216364554,-0.15131711959838867,0.37044925689697195,-0.7775020599365234,0.11880713474781679,0.11850852966308523,0.4497526931762721,-1.5737793922424306,-0.11506189346313356,-0.0937957763671875,-0.21686620712280025,0.046767234802246094
LM,5000,1000,1000,0.001,0.062,0.061,0.0,0.0155,0.0155,0.0,0.005,0.005,0.0005,0.0009,0.00039999999999999996,-2.4392761740139672,-1.7740168571472168,-0.8477106094360352,-0.8594417572021484,2.5499160714149482,2.0863025188446045,4.723337173461914,4.443443298339844,-0.34639739227294797,-0.27241086959838867,0.09652595520019602,-0.1646575927734375,0.33420484352111757,0.24951887130737305,0.3890398979187015,0.7796220779418945,-1.1353302298039196,-0.9089193344116211,-0.4132920265197768,-2.055027961730957,1.0192231388092026,0.6963257789611816,1.7957029342651376,6.0783538818359375,-0.24445605778694102,-0.28192853927612305,-0.08850178718567037,0.6875276565551758,0.3070836834907542,0.3265814781188965,0.35247254371643066,-0.2939901351928711,-0.00640163474082911,-0.0216522216796875,-0.022062277793883922,0.3093940734863274,0.05889288330078024,-0.0389399528503418,-0.10952634811401474,0.8885922431945801
LM,7500,1500,1500,0.023333333333333334,0.27266666666666667,0.24933333333333332,0.008,0.082,0.07400000000000001,0.0013333333333333333,0.034,0.03266666666666667,0.01633333333333333,0.021,0.00466666666666667,-4.8104090729165865,-5.3560404777526855,-2.913026809692383,-1.4395256042480469,5.230026482899984,5.137661695480347,6.994190406799316,4.104164123535156,-0.5077953437045206,-0.6148481369018555,-0.4523394584655751,0.6796417236328125,0.23938180796305275,0.35036516189575195,-0.10047011375427228,-2.19710636138916,-2.2565318690404474,-2.1207211017608643,-1.2633843421936035,-3.4834747314453125,1.9431848875681546,1.5349068641662598,3.5053137779235795,9.082625389099121,-0.4113301110664995,-0.4840986728668213,-0.2927031040191661,-0.9259719848632812,0.28414184252421215,0.30596065521240234,0.49946432113647443,0.49008846282958984,-0.2677513831379521,-0.4043778896331798,0.00017213821411132812,-0.368337726593019,0.21350666427612275,0.3188610076904297,0.20935869216919123,-1.0947017669677734
LM,10000,2000,2000,0.0095,0.1065,0.097,0.00775,0.03625,0.028499999999999998,0.002,0.0095,0.0075,0.007,0.00675,-0.0002500000000000002,-3.5064307057461193,-3.182812213897705,-2.3661911964416493,-1.887969970703125,3.730918604135513,2.9318320751190186,5.135790681838991,5.374574661254883,-0.3789387165755045,-0.23625564575195312,-0.6436241149902333,-2.939851760864258,0.34076534152030824,0.13297128677368164,0.2877755165100089,3.417290687561035,-1.5216020129728438,-1.35813570022583,-0.7919034957885724,-0.09086418151855469,1.5252999778985963,1.2190747261047363,2.1342303276062022,1.3433313369750977,-0.10343413224816267,0.02053821086883545,-0.2113029956817627,2.4966659545898438,0.13673085975647048,0.035974979400634766,-0.032433128356935015,1.5266265869140625,0.1424853727936739,0.1353255033493035,-0.029237785339354616,0.8251827239990241,-0.11477067399025032,-0.12183094024658203,-0.096963119506837,-1.0896811485290527
LA,1000,200,200,0.98,1.0,0.020000000000000018,0.6275,0.805,0.1775000000000001,0.485,0.685,0.20000000000000007,0.199,0.231,0.032,-0.06548889051786318,1.7026031855493784e-05,-0.003015293879434464,-4.984511002898216,0.3023900175094605,0.336026668548584,-0.4643528938293464,-0.6157054901123047,1.0388464379310598,1.6333975791931152,-0.5721626281738281,0.014949798583984375,-0.9695358562469476,-1.4858055114746094,-1.4448358535766594,-1.13494873046875,-1.1135069962780286,-0.796654212535941,-2.0459782058373093,-3.170069694519043,2.3154745769500735,2.4784631729125977,0.5050505638122562,-0.09515380859375,1.9190741165541123,1.9139920473098755,1.7783451080322266,4.24104118347168,-1.9443357968330393,-1.8740177154541016,-2.5674180030822766,-5.052764892578125,-0.23368670440551842,-0.16137852072715653,-0.6290781050920495,-0.5483230590820316,0.40348241567611787,0.706977367401123,0.9219111442565913,0.3269672393798828
LA,1500,300,300,0.9766666666666667,1.0,0.023333333333333317,0.6183333333333333,0.8083333333333333,0.19000000000000006,0.4633333333333333,0.6766666666666666,0.21333333333333332,0.189,0.17133333333333334,-0.017666666666666664,-0.08415548925354718,-0.00028823601314798,-0.012255027890205428,-5.263706415891647,0.6808265018463135,0.31542396545410156,0.4013060569763187,0.04586601257324219,0.9898782416184737,1.4367589950561523,-0.11590347290039205,-0.02960205078125,-1.0296045112609864,-1.5406479835510254,-1.4033273696899435,-4.97401237487793,-1.2029116687151205,-0.6958639028016478,-3.0830088337883392,-5.78937292098999,2.2585751008987427,2.58138370513916,0.432245063781739,-0.10849189758300781,1.224995472927887,1.23245370388031,0.8446005821228049,2.177999496459961,-1.2854393768310555,-1.043269157409668,-2.1249888896942144,-6.53936767578125,0.06321773771399819,0.06670029312372172,-0.07605009868741242,-2.0175391197204604,0.025629358291626048,0.08827352523803711,-0.36625061035156303,1.0917739868164062
LA,2000,400,400,0.955,1.0,0.04500000000000004,0.6375,0.8025,0.16500000000000004,0.46,0.665,0.20500000000000002,0.184,0.16225,-0.02174999999999999,-0.2575198824770769,-0.0004495136090554297,-0.06521639814600352,-15.687916420400143,1.00865320444107,0.25168657302856445,-0.058662986755372515,0.88214111328125,1.4416672047972678,1.6080164909362793,0.9211816787719727,0.8057727813720703,-1.4100932097435006,-1.4879684448242188,-1.6518349647521964,-3.94622802734375,-1.052146794419241,-0.8109134743863251,-2.3878217329271143,-4.914494037628174,2.1654045069217682,2.549323081970215,0.69499626159668,-0.6983757019042969,1.9045142416912135,1.885485291481018,2.0010668277740518,-0.920283317565918,-1.7829031348228455,-1.4848027229309082,-2.522678470611572,0.2268238067626953,0.2800236092292474,0.2791443489491936,0.3995794570446005,0.3028273582458496,0.04350467324256968,-0.1273331642150879,-0.22830934524536062,2.295164108276367
LA,3000,600,600,0.8833333333333333,0.995,0.11166666666666669,0.5691666666666667,0.83,0.26083333333333325,0.39166666666666666,0.7116666666666667,0.32,0.15283333333333332,0.15116666666666667,-0.0016666666666666496,-0.5007693916939957,-0.0060188762145116925,-1.3391544543206728,5.616036415100098,2.3440388449033103,1.2711853981018066,0.584537315368653,2.466367721557617,2.3807664213081203,2.6096138954162598,1.7050758361816456,1.8735809326171875,-2.521718947092692,-2.6413354873657227,-3.30733652114868,-8.142550468444824,-1.4305751950659606,-1.1177894081920385,-3.6540696431417024,3.045726776123047,3.029397509098053,3.2151198387145996,1.316492652893067,0.6577987670898438,2.55580272078514,2.6280059814453125,2.9360907554626454,3.1167564392089844,-2.5318827446301775,-2.465991497039795,-2.4646962165832518,-3.2176389694213867,-0.11505591734403708,-0.05245240628719294,-0.29879669904708983,-0.11985034942626882,0.10813923358917243,0.12681865692138672,-0.19544811248779226,2.0464611053466797
LA,5000,1000,1000,0.448,0.904,0.456,0.236,0.662,0.42600000000000005,0.109,0.485,0.376,0.0754,0.0745,-0.000899999999999998,-3.415597069560834,-1.9314488051459193,-9.437904965877532,-6.387310028076172,6.704176033020019,6.835492134094238,2.813698577880861,2.4366798400878906,3.7859004559665923,3.6813745498657227,3.9774517059326158,5.531717300415039,-4.309055580615999,-4.19218635559082,-4.680218029022216,-3.646787643432617,-3.3562807369830474,-3.7050365544855595,-5.030145478248596,-4.579459190368652,4.955314496040344,5.162542343139648,4.40732955932617,4.464474678039551,2.4181886110454798,2.3340275287628174,2.8225802898406975,6.063981533050537,-2.7598540434837346,-2.8386096954345703,-2.3200872421264647,-1.9632415771484375,-0.10988212040248246,-0.039978158473967795,-0.5102053070068351,-1.379705524444578,0.1677753958702084,0.14020681381225586,-0.22382326126098562,0.7053422927856445
LA,7500,1500,1500,0.024666666666666667,0.7153333333333334,0.6906666666666668,0.013,0.35033333333333333,0.3373333333333333,0.0026666666666666666,0.20533333333333334,0.20266666666666666,0.016666666666666666,0.017466666666666665,0.0007999999999999986,-7.601171544324006,-9.334048792719841,-7.335176181793214,-4.839380264282227,10.487076913197836,11.8508141040802,10.948813152313233,9.829986572265625,1.8876410227815317,1.5751442909240723,2.6947930335998507,1.39837646484375,-2.7180764325459794,-2.501420021057129,-2.3826662063598665,-2.760817527770996,-4.991023409084905,-5.470916509628296,-3.8052168846130314,-1.550612449645996,5.3561607300440475,4.690786361694336,7.801067447662353,8.516868591308594,0.4184256420222425,0.4128199815750122,0.498262929916379,2.2733497619628906,-0.8242026322682694,-1.0267930030822754,-0.829199314117429,-2.7880678176879883,0.041858344375588885,-0.180993843078614,0.1558133888244626,0.613818740844728,-0.13500287977854342,-0.20907974243164062,-0.2500770568847681,0.7027921676635742
LA,10000,2000,2000,0.013,0.705,0.692,0.0075,0.33475,0.32725,0.0005,0.19,0.1895,0.0142,0.01265,-0.001550000000000001,-8.437848160942636,-10.54355251789093,-7.491285610198973,-7.229433059692383,10.620394095420837,11.617532730102539,11.395390224456786,12.045207977294922,1.254506338074803,0.7161965370178223,1.8990342140197782,7.660549163818359,-2.5274167993068684,-2.2093958854675293,-1.8385187149047821,-1.6928834915161133,-5.233140791431729,-5.535445690155029,-3.6145346641540517,-0.17717552185058594,5.162740557670593,4.692703485488892,7.914227771759035,11.282673835754395,0.014814936295618253,-0.27416539192199707,0.2892942428588885,3.6560568809509277,-0.6646727108955375,-0.43752050399780273,-0.2137452125549304,-1.3005170822143555,0.041741228240494976,-0.010828924179076438,0.04362856864929121,0.1993541717529297,-0.0869446783065797,-0.0963287353515625,0.03400249481201456,-0.15824222564697266
QM,1000,200,200,0.89,0.98,0.08999999999999997,0.67,0.7325,0.0625,0.52,0.58,0.05999999999999994,0.109,0.129,0.020000000000000004,-0.5834518981374276,-0.02365275379270315,-1.4693584859371183,-2.0932865142822266,1.7379351472854614,1.169175624847412,0.5712096214294435,0.7166986465454102,0.7629726809263229,1.1053142547607422,0.3137855529785156,-8.087959289550781,-0.8735711574554443,-1.1940021514892578,-1.0582110404968246,-4.22585391998291,-0.36132043240446365,0.029114563018083572,-0.8614626473747196,-4.009483337402344,0.41156117916107177,0.08781957626342773,-0.3132627487182633,-0.41290283203125,-0.3451403242722151,0.21977019309997559,0.3726807117462201,-3.7958269119262695,0.3395828247070316,-0.09081602096557617,1.5127450942993175,2.444162368774414,-0.10272219062945798,-0.010913427267222886,-0.348991874456404,-0.5240929603576667,0.25185466051101635,0.17323970794677734,-0.20609354972839355,1.1138029098510742
QM,1500,300,300,0.43333333333333335,0.8733333333333333,0.43999999999999995,0.28833333333333333,0.565,0.2766666666666666,0.10333333333333333,0.38,0.27666666666666667,0.076,0.08066666666666666,0.004666666666666666,-2.8189334696878117,-2.2635853737592697,-6.803067195415498,-7.152121543884277,4.487199257214864,4.725977420806885,1.9009751319885329,1.0684385299682617,0.9467990393439933,0.8912453651428223,0.45529432296753214,2.150257110595703,-1.652233359018962,-1.6433942317962646,-1.608214378356935,-1.180246353149414,-2.3804736270828526,-2.602189317345619,-3.037878656387327,-4.974994659423828,3.403847959836324,3.682910442352295,3.446837997436521,2.206850051879883,-0.35268640567858967,-0.3177231550216675,-0.3317178726196275,6.60992956161499,0.006617714564006505,0.3887667655944824,-0.2882783412933345,1.6367912292480469,-0.22597386516444384,-0.1304790556430806,-0.5172234773635829,-1.8616280555725098,0.23885631879170788,0.4461236000061035,0.20389027595520037,-0.7613506317138672
QM,2000,400,400,0.07,0.8325,0.7625,0.05,0.63625,0.5862499999999999,0.0125,0.48,0.46749999999999997,0.0335,0.02725,-0.006250000000000002,-6.214706286928872,-6.848254807293415,-8.637049198150635,-5.042756080627441,8.574124155044556,8.836875677108765,7.379292011260986,6.26417350769043,1.4484013677341867,1.5304756164550781,1.5063934326171893,2.715557098388672,-2.6654658269882194,-2.7240443229675293,-1.8187225341796873,-4.190269470214844,-5.626397432702611,-6.604396834969521,-5.821234083175658,-3.747922897338867,6.831130459308624,7.225194931030273,7.303158760070802,5.980052947998047,0.4798145093070332,0.5573971271514893,0.771780157089232,1.7382307052612305,-1.2726763498783118,-1.204582691192627,-0.7320261955261245,-4.755424499511719,-0.054264635950326934,0.009286260604858043,-0.33000325202941916,-1.1738726615905772,0.1500257241725933,0.24199485778808594,-0.23983654975891344,0.7437505722045898
QM,3000,600,600,0.0016666666666666668,0.055,0.05333333333333334,0.004166666666666667,0.016666666666666666,0.0125,0.0,0.0,0.0,0.0005,0.0005,0.0,-2.4493323975102985,-2.0689125061035156,-1.53034553527832,-0.8315792083740234,2.6776892066001885,2.307466506958008,4.078722667694093,7.0319061279296875,-0.5314636961619073,-0.5227465629577637,-0.7563109397888148,0.9559783935546875,0.6364490095774329,0.7153234481811523,0.023752832412720082,-0.7442560195922852,-1.0194079628959312,-0.7450001239776611,-0.5253728389740004,-1.364023208618164,0.8629454565048214,0.9509062767028809,1.2152023792266844,2.515204429626465,-0.2042846331993733,-0.0910184383392334,-0.26362943649291815,-2.801889419555664,0.26853564977646016,0.2853970527648926,0.5111436843872053,1.8952069282531738,-0.09288757212956789,-0.0688478946685791,-0.16509949684142988,-1.4160582542419462,0.07340977350870759,0.037909507751464844,0.22789459228515518,-1.1863727569580078
QM,5000,1000,1000,0.001,0.0,-0.001,0.0,0.0,0.0,0.0,0.0,0.0,0.0,0.0,0.0,-0.4717415748238576,-0.41099071502685547,-0.8340005874633789,2.0889225006103516,0.5371757743358625,0.4551687240600586,0.740859413146973,-4.202901840209961,-0.1680292916297912,-0.23099088668823242,-0.41706314086914276,-2.1826705932617188,0.2203353693485255,0.25777292251586914,-0.009071731567383168,-0.28563880920410156,-0.1822258174419389,-0.1053016185760498,-0.14294328689575408,0.01964092254638672,0.26328878974914716,0.2575244903564453,0.24725608825683842,2.6212992668151855,-0.011785331010816691,0.08360981941223145,-0.2553296089172328,1.2056035995483398,0.06462501764297457,0.10205745697021484,-0.11072778701782227,0.759941577911377,-0.0043625708580030675,0.029169702529907582,-0.07594422340392981,-0.5289627075195291,0.10877286815643572,0.13338375091552734,0.2246356010436994,1.6124114990234375
QM,7500,1500,1500,0.0,0.0,0.0,0.0,0.0,0.0,0.0,0.0,0.0,0.0,0.0,0.0,-0.16966120942433704,-0.19584417343139648,-0.26966705322265483,2.776639938354492,0.26849020512898747,0.3176608085632324,0.21545820236205948,0.3737220764160156,-0.07822143459320152,-0.05717182159423828,-0.12145023345946981,-0.6814918518066406,0.15020298131307008,0.11056280136108398,-0.04246263504028569,0.3412308692932129,0.060077084382376356,0.11411929130554199,-0.12204570770263601,-0.8116607666015625,-0.07094621308644555,-0.08453750610351562,-0.03777847290039382,-1.7265510559082031,0.09035624901453687,0.18401694297790527,0.0676936626434319,2.415116310119629,-0.1234273230234777,-0.13283729553222656,-0.15416307449341105,0.17310142517089844,-0.006770371532441644,0.026485300064084782,0.013555927276613033,-0.15332651138305664,0.0010993162790917665,0.08284378051757812,-0.008074474334716086,1.3507623672485352
QM,10000,2000,2000,0.0,0.0,0.0,0.0,0.0,0.0,0.0,0.0,0.0,0.0,0.0,0.0,-0.15072470140457028,-0.14053821563720703,0.12756805419921946,-0.9996795654296875,0.16290246105193873,0.2066640853881836,0.0009742736816402697,0.45173168182373047,0.0224269883632644,0.25245189666748047,0.016699409484868255,3.720386505126953,-0.06876791739463783,0.010359764099121094,0.03034515380859304,-0.9547371864318848,-0.09074930155277272,-0.0805521011352539,-0.512143611907959,0.10429573059082031,0.01752077484130865,-0.1293201446533203,0.18029346466064844,-1.0218114852905273,0.08083737933635504,0.3322155475616455,-0.1390986442565918,1.6855926513671875,-0.17572635149955929,-0.46894073486328125,-0.25616550445556463,0.9935870170593262,-0.13164985923766892,-0.16242313385009766,-0.5361621475219707,1.6828456878662053,0.2407774572372432,0.3638181686401367,-0.07241249084473012,-0.41149425506591797
QA,1000,200,200,0.975,0.995,0.020000000000000018,0.675,0.7625,0.08749999999999991,0.545,0.62,0.07499999999999996,0.0905,0.1,0.009500000000000008,-0.12081454882812975,-0.016680653672665358,-0.19656663350760925,-2.215170383453369,1.0446417188644412,0.7715177536010742,0.894939899444581,1.2208194732666016,1.0842045474052426,1.0254063606262207,1.2150287628173793,-6.115177154541016,-1.0373814082145696,-0.9191374778747559,-0.8820070266723636,-4.560894012451172,-0.6748326255488881,-0.28579247964080423,-1.7368269532918932,-5.13735194504261,1.0777115654945373,0.699915885925293,0.6020703315734881,-0.22247695922851562,1.0309371596574781,0.8042328357696533,1.4950556755065918,-4.539419174194336,-1.1809650230407716,-1.2286043167114258,-1.8466515541076651,-0.7772912979125977,0.015518056357279875,0.2158437311649326,-0.4407652378082272,-0.35180311203002823,-0.13193866252899156,-0.24454927444458008,-0.34730286598205495,0.8152980804443359
QA,1500,300,300,0.9466666666666667,0.9966666666666667,0.050000000000000044,0.6433333333333333,0.7933333333333333,0.15000000000000002,0.48333333333333334,0.6733333333333333,0.19,0.07633333333333334,0.085,0.00866666666666667,-0.2254017309063056,-0.019445137586444616,-0.39309534579515487,0.5489845275878906,1.349801629384359,0.8955307006835938,0.5102607727050783,0.9754171371459961,0.7366834008693708,0.7214140892028809,-0.2667490005493178,-5.938777923583984,-0.8616957585016891,-0.8351106643676758,-1.9253855705261227,-2.9019508361816406,-0.9091349752014715,-0.6953360680490732,-1.7360926749184729,-3.874943971633911,1.8193190797170002,2.0196456909179688,0.6594670295715304,1.1692876815795898,0.4704241006573042,0.7078945636749268,-0.41362776756286834,-1.1990642547607422,-0.48742722034454466,-0.7104768753051758,-0.6780087947845459,0.2513914108276367,-0.2781909355210761,-0.07805250883102399,-0.8526410102844242,-0.699602031707764,0.11658108393351263,-0.1255030632019043,0.006607055664064276,1.019352912902832
QA,2000,400,400,0.91,1.0,0.08999999999999997,0.60875,0.75875,0.15000000000000002,0.4275,0.6175,0.19000000000000006,0.06475,0.0695,0.004750000000000004,-0.5226690966908063,-0.03276890981942415,-1.2365808285772812,-13.921003103256226,1.7721462547779083,1.1087327003479004,0.576241588592528,1.12078857421875,1.125104805380106,1.1003599166870117,0.8570024490356474,-5.358888626098633,-1.1834205079078668,-1.0978813171386719,-1.1520264625549324,-6.678801536560059,-0.9688866426593086,-0.7664262913167477,-2.3668295800685906,-3.035827159881592,1.8007279407978056,2.286243438720703,0.633068084716796,-0.23413753509521484,0.9052114953100681,1.308305263519287,0.7300350189208977,2.092879295349121,-0.7527239298820501,-1.0760188102722168,-0.618275928497316,1.023244857788086,0.16983962917793516,0.3652651757001877,0.13049170970916713,0.31765432357788015,0.07440766572952207,-0.022627830505371094,-0.186493158340455,0.6984872817993164
QA,3000,600,600,0.7466666666666667,0.95,0.20333333333333325,0.4191666666666667,0.6808333333333333,0.2616666666666666,0.225,0.5233333333333333,0.29833333333333334,0.04933333333333333,0.051666666666666666,0.002333333333333333,-1.3594557312838484,-0.08351681707426906,-7.222863765060904,0.6483402252197266,3.20693299372991,2.106417179107666,1.3947833061218287,1.5366382598876953,1.414740599254145,1.344332218170166,1.3720710754394538,-8.610498428344727,-1.7171122129758203,-1.8048834800720215,-2.382346248626712,-6.069488525390625,-2.1820651200703596,-2.551331361057237,-3.7381366074085216,-1.6593971252441406,3.8051826755205793,4.451088905334473,2.699858856201173,2.7433385848999023,1.0991355247438577,0.9443361759185791,1.1335068702697786,2.060795783996582,-1.2469615968068446,-1.0218782424926758,-1.8463944435119641,-4.267551422119141,-0.17164536193797097,-0.09249848723411436,-0.5637224674224868,0.09689540863037038,0.09735240936279332,0.3761258125305176,0.009403133392332563,-0.7856922149658203
QA,5000,1000,1000,0.167,0.804,0.637,0.047,0.596,0.5489999999999999,0.004,0.439,0.435,0.0135,0.0134,-9.99999999999994e-05,-6.046489108904337,-7.493430968374014,-9.019624519348143,-1.8351268768310547,8.605675862073898,9.810560941696167,5.846982574462889,5.313320159912109,2.1203993790298714,2.0102949142456055,2.566922283172607,-2.5443572998046875,-3.0117768695354457,-2.9573473930358887,-2.6773774147033693,-1.1089286804199219,-6.177715544760314,-7.519058282952756,-5.907603144645691,-3.9579272270202637,7.62739642572403,8.607259750366211,8.675959587097168,5.117536544799805,1.3625941930487748,1.13954758644104,1.7554824829101552,4.487187385559082,-2.014999611854554,-1.820582389831543,-1.6406075954437247,-3.497110366821289,-0.028447412008885564,0.0688661336898786,-0.3853493881225578,0.4337901115417502,-0.03904327583312828,-0.12463665008544922,0.14459848403930486,-3.268791675567627
QA,7500,1500,1500,0.004,0.454,0.45,0.005333333333333333,0.17,0.16466666666666668,0.0,0.08733333333333333,0.08733333333333333,0.004066666666666666,0.004,-6.666666666666626e-05,-6.952394706050859,-8.242987990379333,-4.3837309837341305,-0.9136981964111328,7.919200905799865,8.308358192443848,10.056225204467772,13.888734817504883,0.10355906367301948,0.09737586975097656,0.5310163497924769,8.20557975769043,-0.8642478229204809,-0.7681517601013184,-0.25287165641784703,-2.1946916580200195,-3.294106071973122,-3.1617876291275024,-2.1853996753692577,-1.7445650100708008,3.1514759775797527,2.7018096446990967,4.7876737117767405,6.262925148010254,-0.20968046503762494,-0.3815615177154541,-0.3658101081848084,0.21984004974365234,-0.03602186870575075,0.10894060134887695,-0.09912109375000444,-1.037379264831543,-0.06717780560255093,-0.14803783893585276,-0.1743120384216308,-1.594040870666504,0.03012554645538401,-0.030426502227783203,0.05445222854614329,0.21266841888427734
QA,10000,2000,2000,0.0025,0.368,0.3655,0.005,0.12025,0.11524999999999999,0.0005,0.0455,0.045,0.0025,0.0022,-0.0002999999999999999,-6.576808250133937,-7.050257682800293,-4.162091636657715,-3.3233261108398438,7.041694685935974,7.057886362075806,9.534180402755739,7.199887275695801,-0.44385377255082226,-0.5502920150756836,-0.4956701278686566,3.3137264251708984,-0.23131237936019922,-0.3705892562866211,-0.06388368606567418,-0.882603645324707,-3.093203057484388,-2.8774797916412354,-2.1521532058715795,-3.7752017974853516,2.8020962336063384,2.6256587505340576,3.807402992248536,7.369736671447754,-0.2915989752723842,-0.32537126541137695,-0.3848398208618189,0.3265657424926758,0.15534943139553015,0.0898127555847168,-0.0186464786529541,-0.04368019104003906,0.00044316657558063355,0.016640591621399636,-0.13997209548950096,-0.20772361755371094,0.021489437341688955,-0.1081385612487793,0.15997571945190536,-1.2498455047607422
