state,method,variant,edits,retained_path,bytes,sha256,source_head,model_revision,sample_root,tensor_hashes,verification
MEMIT_ORIGINAL-edits00100,MEMIT,ORIGINAL,100,/mnt/raid5/janghj/ODE-edit/local/blue-checkpoint-downstream/20260909-v1/imports/initial6-v1/payload/local/blue-lifelong-b100x100/attempt-cell0-checkpoint-r3/output/main-cell-0/B001/W-method-state.pt,469784545,e7d3616b526bef03b6a095b289b8b9f1b59111ef40f869237f66f7842b429cfd,1075540b45c29269e690ac63aae44758d8d63174,8afb486c1db24fe5011ec46dfbe5b5dccdb575c2,5b01356928ad2e2e46effad5a2c5621c87746b610992b7b92bf3ace16b6f5729,"{""model.layers.4.mlp.down_proj.weight"": ""0a764d74d583e5d67957cc236c18fe1085156f47a61602309a8098ebf2e33831"", ""model.layers.8.mlp.down_proj.weight"": ""4efa8bd683c712ba4313cc4ec44fcee4e2d436542ad44c428c89668f2d63c2d9""}",prior_full_SHA_bound_current_size; actual_run_full_parameter_guard
MEMIT_ORIGINAL-edits00500,MEMIT,ORIGINAL,500,/mnt/raid5/janghj/ODE-edit/local/blue-checkpoint-downstream/20260909-v1/imports/initial6-v1/payload/local/blue-lifelong-b100x100/attempt-cell0-checkpoint-r3/output/main-cell-0/B005/W-method-state.pt,469785697,2646c183ee186b9b3b72db31f61cbf8361ae8534bca8636cf5cbdf2096eae424,1075540b45c29269e690ac63aae44758d8d63174,8afb486c1db24fe5011ec46dfbe5b5dccdb575c2,5b01356928ad2e2e46effad5a2c5621c87746b610992b7b92bf3ace16b6f5729,"{""model.layers.4.mlp.down_proj.weight"": ""30e6d6ae58249cf3d4c82c6dfddf7e8c858d6b1400d28a1cb70882fe76552239"", ""model.layers.8.mlp.down_proj.weight"": ""01c4507e782dc37c9c9981604b3022fe94b1362fdd2d9834d7015afdd44c93d0""}",prior_full_SHA_bound_current_size; actual_run_full_parameter_guard
MEMIT_ORIGINAL-edits01000,MEMIT,ORIGINAL,1000,/mnt/raid5/janghj/ODE-edit/local/blue-checkpoint-downstream/20260909-v1/imports/initial6-v1/payload/local/blue-lifelong-b100x100/attempt-cell0-checkpoint-r3/output/main-cell-0/B010/W-method-state.pt,469787233,64946e9a956a0e855805e21f3aa4b0de16a7b89687c155be9a8f14c990975a28,1075540b45c29269e690ac63aae44758d8d63174,8afb486c1db24fe5011ec46dfbe5b5dccdb575c2,5b01356928ad2e2e46effad5a2c5621c87746b610992b7b92bf3ace16b6f5729,"{""model.layers.4.mlp.down_proj.weight"": ""65c140adec3b1793c87ae5fffbca2d59ee83585267dc066bacdec79ea2fe4e45"", ""model.layers.8.mlp.down_proj.weight"": ""10873ef5eec62abf80450cdd19247f5681c72db3cd24cc599032e024d51bbdd4""}",prior_full_SHA_bound_current_size; actual_run_full_parameter_guard
MEMIT_ORIGINAL-edits02000,MEMIT,ORIGINAL,2000,/mnt/raid5/janghj/ODE-edit/local/blue-checkpoint-downstream/20260909-v1/imports/initial6-v1/payload/local/blue-lifelong-b100x100/attempt-cell0-checkpoint-r3/output/main-cell-0/B020/W-method-state.pt,469790177,0b85e6c1556bb4e85497c60bbe3369cb71c4b7afcbc4917eea9feb4b18de4f9e,1075540b45c29269e690ac63aae44758d8d63174,8afb486c1db24fe5011ec46dfbe5b5dccdb575c2,5b01356928ad2e2e46effad5a2c5621c87746b610992b7b92bf3ace16b6f5729,"{""model.layers.4.mlp.down_proj.weight"": ""35ba135acc7a73112cad9c2ce97a81db27516dab33df8e5316091dbefbfc6e85"", ""model.layers.8.mlp.down_proj.weight"": ""92f75640a35f234d45b02af6fd7fd9f97fc54239a2fb757b91429118aa8ce184""}",prior_full_SHA_bound_current_size; actual_run_full_parameter_guard
MEMIT_ORIGINAL-edits03000,MEMIT,ORIGINAL,3000,/mnt/raid5/janghj/ODE-edit/local/blue-checkpoint-downstream/20260909-v1/imports/initial6-v1/payload/local/blue-lifelong-b100x100/attempt-cell0-checkpoint-r3/output/main-cell-0/B030/W-method-state.pt,469793185,35437cbe0c4c7c3474c79fc5180de4196b331ca3146ca98e66c2c903921e44c1,1075540b45c29269e690ac63aae44758d8d63174,8afb486c1db24fe5011ec46dfbe5b5dccdb575c2,5b01356928ad2e2e46effad5a2c5621c87746b610992b7b92bf3ace16b6f5729,"{""model.layers.4.mlp.down_proj.weight"": ""cb110d7da532aa2599077cb606a1cb9deea12431f9c495ba01acb87076e8877c"", ""model.layers.8.mlp.down_proj.weight"": ""6a5346edf7e482ac159112dc4f0cac460840912688f74a0995bb470698d1b871""}",prior_full_SHA_bound_current_size; actual_run_full_parameter_guard
MEMIT_ORIGINAL-edits04000,MEMIT,ORIGINAL,4000,/mnt/raid5/janghj/ODE-edit/local/blue-checkpoint-downstream/20260909-v1/imports/initial6-v1/payload/local/blue-lifelong-b100x100/attempt-cell0-checkpoint-r3/output/main-cell-0/B040/W-method-state.pt,469796193,ef0675473a2641ee6e061edb306a9e654d950409da40801ba5c2701edbc567f5,1075540b45c29269e690ac63aae44758d8d63174,8afb486c1db24fe5011ec46dfbe5b5dccdb575c2,5b01356928ad2e2e46effad5a2c5621c87746b610992b7b92bf3ace16b6f5729,"{""model.layers.4.mlp.down_proj.weight"": ""4c471ff50778b3db206042f14c555d397ed46359f50e29acbab2dd52b7038370"", ""model.layers.8.mlp.down_proj.weight"": ""4552ee5d6ec530d26f11ec7ea603e0bcb183e45dfac425885e1ccf199b96191a""}",prior_full_SHA_bound_current_size; actual_run_full_parameter_guard
MEMIT_ORIGINAL-edits05000,MEMIT,ORIGINAL,5000,/mnt/raid5/janghj/ODE-edit/local/blue-checkpoint-downstream/20260909-v1/imports/initial6-v1/payload/local/blue-lifelong-b100x100/attempt-cell0-checkpoint-r3/output/main-cell-0/B050/W-method-state.pt,469799137,d61234deba5b30f766b772228416906ac68d5782be3545a8409acbddcf0aafed,1075540b45c29269e690ac63aae44758d8d63174,8afb486c1db24fe5011ec46dfbe5b5dccdb575c2,5b01356928ad2e2e46effad5a2c5621c87746b610992b7b92bf3ace16b6f5729,"{""model.layers.4.mlp.down_proj.weight"": ""80cabb6b2e68887eb7e415b14034584cf33e854cebc0ee015f0f9d560fae5f77"", ""model.layers.8.mlp.down_proj.weight"": ""db8686e1ff4c260510d8cf065f2b88a4d9d63ffdc3d9dd28f189d5044c5c93da""}",prior_full_SHA_bound_current_size; actual_run_full_parameter_guard
MEMIT_ORIGINAL-edits06000,MEMIT,ORIGINAL,6000,/mnt/raid5/janghj/ODE-edit/local/blue-checkpoint-downstream/20260909-v1/imports/initial6-v1/payload/local/blue-lifelong-b100x100/attempt-cell0-checkpoint-r3/output/main-cell-0/B060/W-method-state.pt,469802145,c703d9c78d02b68678135f43b2a5144bcfa472503acd06181b2bc8313c304431,1075540b45c29269e690ac63aae44758d8d63174,8afb486c1db24fe5011ec46dfbe5b5dccdb575c2,5b01356928ad2e2e46effad5a2c5621c87746b610992b7b92bf3ace16b6f5729,"{""model.layers.4.mlp.down_proj.weight"": ""3080e9ffdba64e579aca9eca371b62559990f5e87c29e9f3aa2cdceb29e7d283"", ""model.layers.8.mlp.down_proj.weight"": ""a45710788bc2fd4e2a5b45a18957279769ea48dd5c36ebeb39f17141788057b2""}",prior_full_SHA_bound_current_size; actual_run_full_parameter_guard
MEMIT_ORIGINAL-edits07000,MEMIT,ORIGINAL,7000,/mnt/raid5/janghj/ODE-edit/local/blue-checkpoint-downstream/20260909-v1/imports/initial6-v1/payload/local/blue-lifelong-b100x100/attempt-cell0-checkpoint-r3/output/main-cell-0/B070/W-method-state.pt,469805153,8e94faa8075a2ec90e7e90e7d55be6732fece6617dac01feb87af5ba75396fce,1075540b45c29269e690ac63aae44758d8d63174,8afb486c1db24fe5011ec46dfbe5b5dccdb575c2,5b01356928ad2e2e46effad5a2c5621c87746b610992b7b92bf3ace16b6f5729,"{""model.layers.4.mlp.down_proj.weight"": ""17012a7c9f836038e1599c6178b061878610d6af4a399a5f3cde97c78fdefda8"", ""model.layers.8.mlp.down_proj.weight"": ""216bee55d95ef22676254cdfb2f25793d312c50b2995fbd7e3c1d82006cb5d01""}",prior_full_SHA_bound_current_size; actual_run_full_parameter_guard
MEMIT_ORIGINAL-edits08000,MEMIT,ORIGINAL,8000,/mnt/raid5/janghj/ODE-edit/local/blue-checkpoint-downstream/20260909-v1/imports/initial6-v1/payload/local/blue-lifelong-b100x100/attempt-cell0-checkpoint-r3/output/main-cell-0/B080/W-method-state.pt,469808161,624e8e5908d6a988f72a1db10f538ea3d5ccf0ca2ad55f387aa2bc5c27dc086c,1075540b45c29269e690ac63aae44758d8d63174,8afb486c1db24fe5011ec46dfbe5b5dccdb575c2,5b01356928ad2e2e46effad5a2c5621c87746b610992b7b92bf3ace16b6f5729,"{""model.layers.4.mlp.down_proj.weight"": ""619537d169c0ca227c2b6387499c6c7cfb050839769516d8f940d241df90a35a"", ""model.layers.8.mlp.down_proj.weight"": ""770d236fe37f2372df8fc9425d6d1d6826f8e81afbc4f2be461da7b8d8011858""}",prior_full_SHA_bound_current_size; actual_run_full_parameter_guard
MEMIT_ORIGINAL-edits09000,MEMIT,ORIGINAL,9000,/mnt/raid5/janghj/ODE-edit/local/blue-checkpoint-downstream/20260909-v1/imports/initial6-v1/payload/local/blue-lifelong-b100x100/attempt-cell0-checkpoint-r3/output/main-cell-0/B090/W-method-state.pt,469811105,37ac0108e7c624a8854159aaa14ae94b764e75dfb5ac809b7e99bc877eed8df7,1075540b45c29269e690ac63aae44758d8d63174,8afb486c1db24fe5011ec46dfbe5b5dccdb575c2,5b01356928ad2e2e46effad5a2c5621c87746b610992b7b92bf3ace16b6f5729,"{""model.layers.4.mlp.down_proj.weight"": ""14196d8412853cb9ca3d44dab3a1e9c19fd9c90e65181a10b93c5289a9171b48"", ""model.layers.8.mlp.down_proj.weight"": ""6d0dcf4653d11a9ce70c45c74035c7e725247c68294f076c7a9af09ddfb0b230""}",prior_full_SHA_bound_current_size; actual_run_full_parameter_guard
MEMIT_ORIGINAL-edits10000,MEMIT,ORIGINAL,10000,/mnt/raid5/janghj/ODE-edit/local/blue-checkpoint-downstream/20260909-v1/imports/initial6-v1/payload/local/blue-lifelong-b100x100/attempt-cell0-checkpoint-r3/output/main-cell-0/B100/W-method-state.pt,469814113,7a4387529f01c80f17ab32892cf0efb1260834d47233c500a3c6dd441c625eda,1075540b45c29269e690ac63aae44758d8d63174,8afb486c1db24fe5011ec46dfbe5b5dccdb575c2,5b01356928ad2e2e46effad5a2c5621c87746b610992b7b92bf3ace16b6f5729,"{""model.layers.4.mlp.down_proj.weight"": ""2c24fe6224a07e4e991fa59b3631739f03785a6db3b738bffcd651519c16fb7e"", ""model.layers.8.mlp.down_proj.weight"": ""1ec4f239f41f3dece42f3f009909cf6f577033d34df1a4b9230c554da9f076ad""}",prior_full_SHA_bound_current_size; actual_run_full_parameter_guard
AlphaEdit_ORIGINAL-edits00100,AlphaEdit,ORIGINAL,100,/mnt/raid5/janghj/ODE-edit/local/blue-checkpoint-downstream/20260909-v1/imports/initial6-v1/payload/local/blue-lifelong-b100x100/attempt-checkpoint-r2/output/main-cell-1/B001/W-method-state.pt,2113951137,06e2676714a5082c57ed420280089bf15d31b5ab8723940f3331be683353349b,1075540b45c29269e690ac63aae44758d8d63174,8afb486c1db24fe5011ec46dfbe5b5dccdb575c2,5b01356928ad2e2e46effad5a2c5621c87746b610992b7b92bf3ace16b6f5729,"{""model.layers.4.mlp.down_proj.weight"": ""e2a584c279634e7d6de0ea99a9d4ab38677d26c4ee502e40c62ee3b519053cf1"", ""model.layers.8.mlp.down_proj.weight"": ""8f2bd915e1c62fd11229298c1d763763f5c9731a81a3960322cd3dfaa51c50fd""}",prior_full_SHA_bound_current_size; actual_run_full_parameter_guard
AlphaEdit_ORIGINAL-edits00500,AlphaEdit,ORIGINAL,500,/mnt/raid5/janghj/ODE-edit/local/blue-checkpoint-downstream/20260909-v1/imports/initial6-v1/payload/local/blue-lifelong-b100x100/attempt-checkpoint-r2/output/main-cell-1/B005/W-method-state.pt,2113952289,8a81c7d34bbe11c512bbb79f924114ba3e834837d79d3d0bc9cfdb11517be524,1075540b45c29269e690ac63aae44758d8d63174,8afb486c1db24fe5011ec46dfbe5b5dccdb575c2,5b01356928ad2e2e46effad5a2c5621c87746b610992b7b92bf3ace16b6f5729,"{""model.layers.4.mlp.down_proj.weight"": ""266e988068a189b1021ec5d651f405a680eb1a44c30872979df7c9faa9d33f82"", ""model.layers.8.mlp.down_proj.weight"": ""567575fd914f76063e22959eeca1597d3e15411a690cf07eff403bf3a66e5f36""}",prior_full_SHA_bound_current_size; actual_run_full_parameter_guard
AlphaEdit_ORIGINAL-edits01000,AlphaEdit,ORIGINAL,1000,/mnt/raid5/janghj/ODE-edit/local/blue-checkpoint-downstream/20260909-v1/imports/initial6-v1/payload/local/blue-lifelong-b100x100/attempt-checkpoint-r2/output/main-cell-1/B010/W-method-state.pt,2113953825,f8474e4302c9b56d97f74d3380459a0cad2e240cea68c2484d918a38a8b742c7,1075540b45c29269e690ac63aae44758d8d63174,8afb486c1db24fe5011ec46dfbe5b5dccdb575c2,5b01356928ad2e2e46effad5a2c5621c87746b610992b7b92bf3ace16b6f5729,"{""model.layers.4.mlp.down_proj.weight"": ""355def950ebe10c7e9c265937c9222ec0b0fa0436f8a8b1c8daa1a2738ee710f"", ""model.layers.8.mlp.down_proj.weight"": ""8cf57a4a413758afbff739fc09c1451d975346e5919ddc71692723f9ec2b80fc""}",prior_full_SHA_bound_current_size; actual_run_full_parameter_guard
AlphaEdit_ORIGINAL-edits02000,AlphaEdit,ORIGINAL,2000,/mnt/raid5/janghj/ODE-edit/local/blue-checkpoint-downstream/20260909-v1/imports/initial6-v1/payload/local/blue-lifelong-b100x100/attempt-checkpoint-r2/output/main-cell-1/B020/W-method-state.pt,2113956769,268cf596e963b3455a694ccb2b7599b97ee483ad091cadcc051c185358fcc675,1075540b45c29269e690ac63aae44758d8d63174,8afb486c1db24fe5011ec46dfbe5b5dccdb575c2,5b01356928ad2e2e46effad5a2c5621c87746b610992b7b92bf3ace16b6f5729,"{""model.layers.4.mlp.down_proj.weight"": ""c24310a5e6913b9fdc300d102557f82946d7f932e7cc4601ab64be2fb3ff8bd9"", ""model.layers.8.mlp.down_proj.weight"": ""37af03819618f0e6f844235df415456ab883d1d1d326ce7003b5bbbce2f41db3""}",prior_full_SHA_bound_current_size; actual_run_full_parameter_guard
AlphaEdit_ORIGINAL-edits03000,AlphaEdit,ORIGINAL,3000,/mnt/raid5/janghj/ODE-edit/local/blue-checkpoint-downstream/20260909-v1/imports/initial6-v1/payload/local/blue-lifelong-b100x100/attempt-checkpoint-r2/output/main-cell-1/B030/W-method-state.pt,2113959777,a0b76df3e505f89eae343a2c4fecb052109a4dcee47ffbbe80369f88523ed6a2,1075540b45c29269e690ac63aae44758d8d63174,8afb486c1db24fe5011ec46dfbe5b5dccdb575c2,5b01356928ad2e2e46effad5a2c5621c87746b610992b7b92bf3ace16b6f5729,"{""model.layers.4.mlp.down_proj.weight"": ""0e5d816e38f6b2814a18d5c5713314e5327024061a324e8ab3d92ebac9cabae0"", ""model.layers.8.mlp.down_proj.weight"": ""3320375aefa33ef8a927e15025391e456db7b5d07e18762f4935430c142a0ee9""}",prior_full_SHA_bound_current_size; actual_run_full_parameter_guard
AlphaEdit_ORIGINAL-edits04000,AlphaEdit,ORIGINAL,4000,/mnt/raid5/janghj/ODE-edit/local/blue-checkpoint-downstream/20260909-v1/imports/initial6-v1/payload/local/blue-lifelong-b100x100/attempt-checkpoint-r2/output/main-cell-1/B040/W-method-state.pt,2113962785,ecda8c4e2d14f0860043e391c1aa4fb7d9ce5e7f8645cf1510705e9c9e8fc012,1075540b45c29269e690ac63aae44758d8d63174,8afb486c1db24fe5011ec46dfbe5b5dccdb575c2,5b01356928ad2e2e46effad5a2c5621c87746b610992b7b92bf3ace16b6f5729,"{""model.layers.4.mlp.down_proj.weight"": ""54ce4522a4490f2e9834a28132a0caa41027ca314e29d0a9ce7ed298c84b16f1"", ""model.layers.8.mlp.down_proj.weight"": ""f40859ac84818a20176a60488178c4d9d698fe367967e9ec9ed4bd15d9ef2137""}",prior_full_SHA_bound_current_size; actual_run_full_parameter_guard
AlphaEdit_ORIGINAL-edits05000,AlphaEdit,ORIGINAL,5000,/mnt/raid5/janghj/ODE-edit/local/blue-checkpoint-downstream/20260909-v1/imports/initial6-v1/payload/local/blue-lifelong-b100x100/attempt-checkpoint-r2/output/main-cell-1/B050/W-method-state.pt,2113965729,902262ff399969798725358f106c23e47243c1e42cd0ae7f7a56b80857569f6d,1075540b45c29269e690ac63aae44758d8d63174,8afb486c1db24fe5011ec46dfbe5b5dccdb575c2,5b01356928ad2e2e46effad5a2c5621c87746b610992b7b92bf3ace16b6f5729,"{""model.layers.4.mlp.down_proj.weight"": ""cf1206746f6ed6a17b8acb9a00184b56c9daf74c0ffbabc6119763d6630ff85b"", ""model.layers.8.mlp.down_proj.weight"": ""6dfd3b9ab1ae15016c592b9cfff2a944ecf9d7e1fccbd487c082c31bd46058a9""}",prior_full_SHA_bound_current_size; actual_run_full_parameter_guard
AlphaEdit_ORIGINAL-edits06000,AlphaEdit,ORIGINAL,6000,/mnt/raid5/janghj/ODE-edit/local/blue-checkpoint-downstream/20260909-v1/imports/initial6-v1/payload/local/blue-lifelong-b100x100/attempt-checkpoint-r2/output/main-cell-1/B060/W-method-state.pt,2113968737,7329b19e012d73216a3aa9495f185191348c9ddc2d6c571e8f4e54bdc531ca93,1075540b45c29269e690ac63aae44758d8d63174,8afb486c1db24fe5011ec46dfbe5b5dccdb575c2,5b01356928ad2e2e46effad5a2c5621c87746b610992b7b92bf3ace16b6f5729,"{""model.layers.4.mlp.down_proj.weight"": ""8e17c1ae8ef20853a280813672e3c3d20fbc0894158e3e57280f377d41fc32fa"", ""model.layers.8.mlp.down_proj.weight"": ""2566cc207fa9bd6cdb475c2e23b4fba64421cfafd3a01f1b4fbec54a1efe88f8""}",prior_full_SHA_bound_current_size; actual_run_full_parameter_guard
AlphaEdit_ORIGINAL-edits07000,AlphaEdit,ORIGINAL,7000,/mnt/raid5/janghj/ODE-edit/local/blue-checkpoint-downstream/20260909-v1/imports/initial6-v1/payload/local/blue-lifelong-b100x100/attempt-checkpoint-r2/output/main-cell-1/B070/W-method-state.pt,2113971745,0552768211ac732c628b22b9976cd543e78442bed82ddb1644b69c5d034498e5,1075540b45c29269e690ac63aae44758d8d63174,8afb486c1db24fe5011ec46dfbe5b5dccdb575c2,5b01356928ad2e2e46effad5a2c5621c87746b610992b7b92bf3ace16b6f5729,"{""model.layers.4.mlp.down_proj.weight"": ""ab8f5151c4b8162129244e49ac3321b40e34503d67f486f219dbeb8ed3718efd"", ""model.layers.8.mlp.down_proj.weight"": ""4addae54d29a8875f6078ea860e9ad488f7d3cabe46a92c1c90a57b9ffa93a15""}",prior_full_SHA_bound_current_size; actual_run_full_parameter_guard
AlphaEdit_ORIGINAL-edits08000,AlphaEdit,ORIGINAL,8000,/mnt/raid5/janghj/ODE-edit/local/blue-checkpoint-downstream/20260909-v1/imports/initial6-v1/payload/local/blue-lifelong-b100x100/attempt-checkpoint-r2/output/main-cell-1/B080/W-method-state.pt,2113974753,1b393ef84b4ab5b4af87bef5ba86b69a2f69da293326c84e52e9399c05c3ae20,1075540b45c29269e690ac63aae44758d8d63174,8afb486c1db24fe5011ec46dfbe5b5dccdb575c2,5b01356928ad2e2e46effad5a2c5621c87746b610992b7b92bf3ace16b6f5729,"{""model.layers.4.mlp.down_proj.weight"": ""e8add1316a2c8bf9da13fb99b2ce1211d3c733c1c3864d294cb9c53eb3df316c"", ""model.layers.8.mlp.down_proj.weight"": ""77d7e07cbd17f9b1c7a9333e1b4fe0114c22f3465b96c17d8978aa62103cb7ec""}",prior_full_SHA_bound_current_size; actual_run_full_parameter_guard
AlphaEdit_ORIGINAL-edits09000,AlphaEdit,ORIGINAL,9000,/mnt/raid5/janghj/ODE-edit/local/blue-checkpoint-downstream/20260909-v1/imports/initial6-v1/payload/local/blue-lifelong-b100x100/attempt-checkpoint-r2/output/main-cell-1/B090/W-method-state.pt,2113977697,c761b6e17f69d03a1f7b63cbb5f2f2b6a83b4f223b6c5fd2737a88a5d103101d,1075540b45c29269e690ac63aae44758d8d63174,8afb486c1db24fe5011ec46dfbe5b5dccdb575c2,5b01356928ad2e2e46effad5a2c5621c87746b610992b7b92bf3ace16b6f5729,"{""model.layers.4.mlp.down_proj.weight"": ""874dbbcbff63f9457c3fe8d6c93f550b94bb4e3e6778fdf12cb96447977f562b"", ""model.layers.8.mlp.down_proj.weight"": ""0562f2e58501c0aea88d9f5dd5d80c9fe846acba4a44b65a165b5895ca0972fc""}",prior_full_SHA_bound_current_size; actual_run_full_parameter_guard
AlphaEdit_ORIGINAL-edits10000,AlphaEdit,ORIGINAL,10000,/mnt/raid5/janghj/ODE-edit/local/blue-checkpoint-downstream/20260909-v1/imports/initial6-v1/payload/local/blue-lifelong-b100x100/attempt-checkpoint-r2/output/main-cell-1/B100/W-method-state.pt,2113980705,b6947dd0b7f2da800220bbccf1d3378ac55e25f8b28582808288288666968816,1075540b45c29269e690ac63aae44758d8d63174,8afb486c1db24fe5011ec46dfbe5b5dccdb575c2,5b01356928ad2e2e46effad5a2c5621c87746b610992b7b92bf3ace16b6f5729,"{""model.layers.4.mlp.down_proj.weight"": ""506242d6025cf716032bb9359d1543e73ffbf169e09b9be6e7dbfc371057470c"", ""model.layers.8.mlp.down_proj.weight"": ""7a1eecac4e93321b72dc49cac20004d37eec6ac91a354be6eabdaddbc4d6a4f2""}",prior_full_SHA_bound_current_size; actual_run_full_parameter_guard
MEMIT_L4_ONLY-edits00100,MEMIT,L4_ONLY,100,/mnt/raid5/janghj/ODE-edit/local/blue-checkpoint-downstream/20260909-v1/imports/initial6-v1/payload/local/blue-lifelong-b100x100/attempt-checkpoint-r2/output/main-cell-2/B001/W-method-state.pt,234902885,76cd2ea447ac09011c0f8b58682bd78ede3bae0f7381027fcad4731bc2d6373c,1075540b45c29269e690ac63aae44758d8d63174,8afb486c1db24fe5011ec46dfbe5b5dccdb575c2,5b01356928ad2e2e46effad5a2c5621c87746b610992b7b92bf3ace16b6f5729,"{""model.layers.4.mlp.down_proj.weight"": ""0a764d74d583e5d67957cc236c18fe1085156f47a61602309a8098ebf2e33831""}",prior_full_SHA_bound_current_size; actual_run_full_parameter_guard
MEMIT_L4_ONLY-edits00500,MEMIT,L4_ONLY,500,/mnt/raid5/janghj/ODE-edit/local/blue-checkpoint-downstream/20260909-v1/imports/initial6-v1/payload/local/blue-lifelong-b100x100/attempt-checkpoint-r2/output/main-cell-2/B005/W-method-state.pt,234904101,81b572b15f3e4957d2c3934dc74dfc04733460ca85eda869167f8d863e474c22,1075540b45c29269e690ac63aae44758d8d63174,8afb486c1db24fe5011ec46dfbe5b5dccdb575c2,5b01356928ad2e2e46effad5a2c5621c87746b610992b7b92bf3ace16b6f5729,"{""model.layers.4.mlp.down_proj.weight"": ""5d2fe86e7a2e617d69bc95db0f866392fa722bd32f27c7d3c108f2d4dd40bbed""}",prior_full_SHA_bound_current_size; actual_run_full_parameter_guard
MEMIT_L4_ONLY-edits01000,MEMIT,L4_ONLY,1000,/mnt/raid5/janghj/ODE-edit/local/blue-checkpoint-downstream/20260909-v1/imports/initial6-v1/payload/local/blue-lifelong-b100x100/attempt-checkpoint-r2/output/main-cell-2/B010/W-method-state.pt,234905573,2598da50d4a824cb9a725372fab1ac42c49cf840b7b0be0d4e935c236f4115d9,1075540b45c29269e690ac63aae44758d8d63174,8afb486c1db24fe5011ec46dfbe5b5dccdb575c2,5b01356928ad2e2e46effad5a2c5621c87746b610992b7b92bf3ace16b6f5729,"{""model.layers.4.mlp.down_proj.weight"": ""9f7942993374a8e21101d575502f7f6bc958fff736c6dfcc44d35552b753932d""}",prior_full_SHA_bound_current_size; actual_run_full_parameter_guard
MEMIT_L4_ONLY-edits02000,MEMIT,L4_ONLY,2000,/mnt/raid5/janghj/ODE-edit/local/blue-checkpoint-downstream/20260909-v1/imports/initial6-v1/payload/local/blue-lifelong-b100x100/attempt-checkpoint-r2/output/main-cell-2/B020/W-method-state.pt,234908581,e9e27f9af6275f405f055212bd9322f38ad5a0027bc9d0c798d3268521f8ecb2,1075540b45c29269e690ac63aae44758d8d63174,8afb486c1db24fe5011ec46dfbe5b5dccdb575c2,5b01356928ad2e2e46effad5a2c5621c87746b610992b7b92bf3ace16b6f5729,"{""model.layers.4.mlp.down_proj.weight"": ""091b49f73c945bbd3efd541a5f842ded052acbd44917005ba26d6d1b5b031334""}",prior_full_SHA_bound_current_size; actual_run_full_parameter_guard
MEMIT_L4_ONLY-edits03000,MEMIT,L4_ONLY,3000,/mnt/raid5/janghj/ODE-edit/local/blue-checkpoint-downstream/20260909-v1/imports/initial6-v1/payload/local/blue-lifelong-b100x100/attempt-checkpoint-r2/output/main-cell-2/B030/W-method-state.pt,234911589,0b463877f1ce16bb0da6b9b9b6f2354b057dca46701a7192ce8ac3165b20fa55,1075540b45c29269e690ac63aae44758d8d63174,8afb486c1db24fe5011ec46dfbe5b5dccdb575c2,5b01356928ad2e2e46effad5a2c5621c87746b610992b7b92bf3ace16b6f5729,"{""model.layers.4.mlp.down_proj.weight"": ""1d55d68831ec50eee7641c679011009ac8693f32f9ed768c925c8bf7e7f1beaf""}",prior_full_SHA_bound_current_size; actual_run_full_parameter_guard
MEMIT_L4_ONLY-edits04000,MEMIT,L4_ONLY,4000,/mnt/raid5/janghj/ODE-edit/local/blue-checkpoint-downstream/20260909-v1/imports/initial6-v1/payload/local/blue-lifelong-b100x100/attempt-checkpoint-r2/output/main-cell-2/B040/W-method-state.pt,234914533,93f82a875a9a7c4f314d40a81b37e27c46bb88663d4a0ab774b3852a2c0861c2,1075540b45c29269e690ac63aae44758d8d63174,8afb486c1db24fe5011ec46dfbe5b5dccdb575c2,5b01356928ad2e2e46effad5a2c5621c87746b610992b7b92bf3ace16b6f5729,"{""model.layers.4.mlp.down_proj.weight"": ""5fe1ed559f2392d71615d7029e23ff25bd283c537d9bbb101aa718001d353ca1""}",prior_full_SHA_bound_current_size; actual_run_full_parameter_guard
MEMIT_L4_ONLY-edits05000,MEMIT,L4_ONLY,5000,/mnt/raid5/janghj/ODE-edit/local/blue-checkpoint-downstream/20260909-v1/imports/initial6-v1/payload/local/blue-lifelong-b100x100/attempt-checkpoint-r2/output/main-cell-2/B050/W-method-state.pt,234917541,5cbca55237a8bafe465be6c2b8a4c4e8c2d7606b0f09f2115208f110b170c609,1075540b45c29269e690ac63aae44758d8d63174,8afb486c1db24fe5011ec46dfbe5b5dccdb575c2,5b01356928ad2e2e46effad5a2c5621c87746b610992b7b92bf3ace16b6f5729,"{""model.layers.4.mlp.down_proj.weight"": ""0362030c4a4f37b5dba3b17725e839d3abd3e074a9e8501318ff3df07c9f3eb8""}",prior_full_SHA_bound_current_size; actual_run_full_parameter_guard
MEMIT_L4_ONLY-edits06000,MEMIT,L4_ONLY,6000,/mnt/raid5/janghj/ODE-edit/local/blue-checkpoint-downstream/20260909-v1/imports/initial6-v1/payload/local/blue-lifelong-b100x100/attempt-checkpoint-r2/output/main-cell-2/B060/W-method-state.pt,234920549,37d8f1cc0f099a61b947abad0eb6e66eaef72346e5116f287849f391db11692c,1075540b45c29269e690ac63aae44758d8d63174,8afb486c1db24fe5011ec46dfbe5b5dccdb575c2,5b01356928ad2e2e46effad5a2c5621c87746b610992b7b92bf3ace16b6f5729,"{""model.layers.4.mlp.down_proj.weight"": ""31b9741b3f4865c68e9ba7e53e8c58d5fd79110b0de20b2258f5b884d8fdac4c""}",prior_full_SHA_bound_current_size; actual_run_full_parameter_guard
MEMIT_L4_ONLY-edits07000,MEMIT,L4_ONLY,7000,/mnt/raid5/janghj/ODE-edit/local/blue-checkpoint-downstream/20260909-v1/imports/initial6-v1/payload/local/blue-lifelong-b100x100/attempt-checkpoint-r2/output/main-cell-2/B070/W-method-state.pt,234923493,75be76116aaa60aaa88e0534bb89b1b3c43f7a536b69ad6d63e1882a91077d2f,1075540b45c29269e690ac63aae44758d8d63174,8afb486c1db24fe5011ec46dfbe5b5dccdb575c2,5b01356928ad2e2e46effad5a2c5621c87746b610992b7b92bf3ace16b6f5729,"{""model.layers.4.mlp.down_proj.weight"": ""de6a5b7ee26cfc499484aaf1bee1687c59e90f1ce5fde0c330ee886aceed07d6""}",prior_full_SHA_bound_current_size; actual_run_full_parameter_guard
MEMIT_L4_ONLY-edits08000,MEMIT,L4_ONLY,8000,/mnt/raid5/janghj/ODE-edit/local/blue-checkpoint-downstream/20260909-v1/imports/initial6-v1/payload/local/blue-lifelong-b100x100/attempt-checkpoint-r2/output/main-cell-2/B080/W-method-state.pt,234926501,d7794c9381602e9485e4d62e22c4f342f6f1c3aebebd8040e631bb0d7f605571,1075540b45c29269e690ac63aae44758d8d63174,8afb486c1db24fe5011ec46dfbe5b5dccdb575c2,5b01356928ad2e2e46effad5a2c5621c87746b610992b7b92bf3ace16b6f5729,"{""model.layers.4.mlp.down_proj.weight"": ""8e8745d5b28d2f5f4fd05ea1a1cddd885e75c097c9bc75f42eaa57d6557469db""}",prior_full_SHA_bound_current_size; actual_run_full_parameter_guard
MEMIT_L4_ONLY-edits09000,MEMIT,L4_ONLY,9000,/mnt/raid5/janghj/ODE-edit/local/blue-checkpoint-downstream/20260909-v1/imports/initial6-v1/payload/local/blue-lifelong-b100x100/attempt-checkpoint-r2/output/main-cell-2/B090/W-method-state.pt,234929509,8e092cdc4e511897b5dae2cd657ce6a8600f19676d2a8c6903f7ef6be59a234c,1075540b45c29269e690ac63aae44758d8d63174,8afb486c1db24fe5011ec46dfbe5b5dccdb575c2,5b01356928ad2e2e46effad5a2c5621c87746b610992b7b92bf3ace16b6f5729,"{""model.layers.4.mlp.down_proj.weight"": ""39a004920367b678f89b93ce7f26dfa2ee476d7b9e7251bc6c003a30a8a6f2b7""}",prior_full_SHA_bound_current_size; actual_run_full_parameter_guard
MEMIT_L4_ONLY-edits10000,MEMIT,L4_ONLY,10000,/mnt/raid5/janghj/ODE-edit/local/blue-checkpoint-downstream/20260909-v1/imports/initial6-v1/payload/local/blue-lifelong-b100x100/attempt-checkpoint-r2/output/main-cell-2/B100/W-method-state.pt,234932517,13a51e4e495119de66fe9594c545699146bad06bd11fc2662344974d327d4a86,1075540b45c29269e690ac63aae44758d8d63174,8afb486c1db24fe5011ec46dfbe5b5dccdb575c2,5b01356928ad2e2e46effad5a2c5621c87746b610992b7b92bf3ace16b6f5729,"{""model.layers.4.mlp.down_proj.weight"": ""c11c7dddecd9ea3d51de270d37993ac6e14e8ec75d23ccb9fa0a2266b0d1ea96""}",prior_full_SHA_bound_current_size; actual_run_full_parameter_guard
AlphaEdit_L4_ONLY-edits00100,AlphaEdit,L4_ONLY,100,/mnt/raid5/janghj/ODE-edit/local/blue-checkpoint-downstream/20260909-v1/imports/initial6-v1/payload/local/blue-lifelong-b100x100/attempt-checkpoint-r2/output/main-cell-3/B001/W-method-state.pt,1056986213,70305292c2359d73bcef54ed49870b4f4bf6ed35f6e8e218e5affe4f061d5ce4,1075540b45c29269e690ac63aae44758d8d63174,8afb486c1db24fe5011ec46dfbe5b5dccdb575c2,5b01356928ad2e2e46effad5a2c5621c87746b610992b7b92bf3ace16b6f5729,"{""model.layers.4.mlp.down_proj.weight"": ""e2a584c279634e7d6de0ea99a9d4ab38677d26c4ee502e40c62ee3b519053cf1""}",prior_full_SHA_bound_current_size; actual_run_full_parameter_guard
AlphaEdit_L4_ONLY-edits00500,AlphaEdit,L4_ONLY,500,/mnt/raid5/janghj/ODE-edit/local/blue-checkpoint-downstream/20260909-v1/imports/initial6-v1/payload/local/blue-lifelong-b100x100/attempt-checkpoint-r2/output/main-cell-3/B005/W-method-state.pt,1056987429,a477990cf6a1a5de107d128426fb9e9c07fd8d23948dedbe0d58b4d980c799a7,1075540b45c29269e690ac63aae44758d8d63174,8afb486c1db24fe5011ec46dfbe5b5dccdb575c2,5b01356928ad2e2e46effad5a2c5621c87746b610992b7b92bf3ace16b6f5729,"{""model.layers.4.mlp.down_proj.weight"": ""d87a9b6cb0117998381949844b8a52059f3bce07c25f421deb873ed7455703fc""}",prior_full_SHA_bound_current_size; actual_run_full_parameter_guard
AlphaEdit_L4_ONLY-edits01000,AlphaEdit,L4_ONLY,1000,/mnt/raid5/janghj/ODE-edit/local/blue-checkpoint-downstream/20260909-v1/imports/initial6-v1/payload/local/blue-lifelong-b100x100/attempt-checkpoint-r2/output/main-cell-3/B010/W-method-state.pt,1056988901,b88e96469463d4ef11596486583546bd705476a53f6f1abab9d02e44dab3dafc,1075540b45c29269e690ac63aae44758d8d63174,8afb486c1db24fe5011ec46dfbe5b5dccdb575c2,5b01356928ad2e2e46effad5a2c5621c87746b610992b7b92bf3ace16b6f5729,"{""model.layers.4.mlp.down_proj.weight"": ""f243d05389c4657c70eafce6930636e84e5ca782b73144123ed89482ffb3a511""}",prior_full_SHA_bound_current_size; actual_run_full_parameter_guard
AlphaEdit_L4_ONLY-edits02000,AlphaEdit,L4_ONLY,2000,/mnt/raid5/janghj/ODE-edit/local/blue-checkpoint-downstream/20260909-v1/imports/initial6-v1/payload/local/blue-lifelong-b100x100/attempt-checkpoint-r2/output/main-cell-3/B020/W-method-state.pt,1056991909,47b8302f8150ef41ca521d6f4ced4b6798d38de19191587a6dfb96f7ae30ef4f,1075540b45c29269e690ac63aae44758d8d63174,8afb486c1db24fe5011ec46dfbe5b5dccdb575c2,5b01356928ad2e2e46effad5a2c5621c87746b610992b7b92bf3ace16b6f5729,"{""model.layers.4.mlp.down_proj.weight"": ""9ad34618db2758450b891daf8d78381a75726af4723067981935a49a2e64be62""}",prior_full_SHA_bound_current_size; actual_run_full_parameter_guard
AlphaEdit_L4_ONLY-edits03000,AlphaEdit,L4_ONLY,3000,/mnt/raid5/janghj/ODE-edit/local/blue-checkpoint-downstream/20260909-v1/imports/initial6-v1/payload/local/blue-lifelong-b100x100/attempt-checkpoint-r2/output/main-cell-3/B030/W-method-state.pt,1056994853,0819033c5e8b68c1d575dbb508917afa302afeba737fd2c5b66f9584f4a215c6,1075540b45c29269e690ac63aae44758d8d63174,8afb486c1db24fe5011ec46dfbe5b5dccdb575c2,5b01356928ad2e2e46effad5a2c5621c87746b610992b7b92bf3ace16b6f5729,"{""model.layers.4.mlp.down_proj.weight"": ""7223370b16f24f0e446285fcdc7f8db4bc611a8e5d7748933c8aaea6a495f627""}",prior_full_SHA_bound_current_size; actual_run_full_parameter_guard
AlphaEdit_L4_ONLY-edits04000,AlphaEdit,L4_ONLY,4000,/mnt/raid5/janghj/ODE-edit/local/blue-checkpoint-downstream/20260909-v1/imports/initial6-v1/payload/local/blue-lifelong-b100x100/attempt-checkpoint-r2/output/main-cell-3/B040/W-method-state.pt,1056997861,9152bc95c1dd54bdd394d514f88ee1b68f3586e7bedda2db842d343285bde8ab,1075540b45c29269e690ac63aae44758d8d63174,8afb486c1db24fe5011ec46dfbe5b5dccdb575c2,5b01356928ad2e2e46effad5a2c5621c87746b610992b7b92bf3ace16b6f5729,"{""model.layers.4.mlp.down_proj.weight"": ""3e6ccbc73997f3b7e0ae7ffdc441cc314bf5ed129ed536ad7172530c0940bbb0""}",prior_full_SHA_bound_current_size; actual_run_full_parameter_guard
AlphaEdit_L4_ONLY-edits05000,AlphaEdit,L4_ONLY,5000,/mnt/raid5/janghj/ODE-edit/local/blue-checkpoint-downstream/20260909-v1/imports/initial6-v1/payload/local/blue-lifelong-b100x100/attempt-checkpoint-r2/output/main-cell-3/B050/W-method-state.pt,1057000869,0ecc3a4b790ca7ab4d837cab785adc329f47c9b33c5b7092827c6ddac0571704,1075540b45c29269e690ac63aae44758d8d63174,8afb486c1db24fe5011ec46dfbe5b5dccdb575c2,5b01356928ad2e2e46effad5a2c5621c87746b610992b7b92bf3ace16b6f5729,"{""model.layers.4.mlp.down_proj.weight"": ""af3297032de5f1bda6a9a5303907b2d1500c06a0683eb3eaa0b9c40d125ab262""}",prior_full_SHA_bound_current_size; actual_run_full_parameter_guard
AlphaEdit_L4_ONLY-edits06000,AlphaEdit,L4_ONLY,6000,/mnt/raid5/janghj/ODE-edit/local/blue-checkpoint-downstream/20260909-v1/imports/initial6-v1/payload/local/blue-lifelong-b100x100/attempt-checkpoint-r2/output/main-cell-3/B060/W-method-state.pt,1057003813,5a47c2f1848f2aba7dccf97cc7ecc3b6ba7a2bbb514eda01de294d1a89cd24d7,1075540b45c29269e690ac63aae44758d8d63174,8afb486c1db24fe5011ec46dfbe5b5dccdb575c2,5b01356928ad2e2e46effad5a2c5621c87746b610992b7b92bf3ace16b6f5729,"{""model.layers.4.mlp.down_proj.weight"": ""a701a42be9f9f76b19d8da38d17210f369af222682615043ebd9e1fb2d681e3b""}",prior_full_SHA_bound_current_size; actual_run_full_parameter_guard
AlphaEdit_L4_ONLY-edits07000,AlphaEdit,L4_ONLY,7000,/mnt/raid5/janghj/ODE-edit/local/blue-checkpoint-downstream/20260909-v1/imports/initial6-v1/payload/local/blue-lifelong-b100x100/attempt-checkpoint-r2/output/main-cell-3/B070/W-method-state.pt,1057006821,6100b3e4199410472e698594b6e93f3102992dd96bc2b7c8f715bfa4bb84866a,1075540b45c29269e690ac63aae44758d8d63174,8afb486c1db24fe5011ec46dfbe5b5dccdb575c2,5b01356928ad2e2e46effad5a2c5621c87746b610992b7b92bf3ace16b6f5729,"{""model.layers.4.mlp.down_proj.weight"": ""49df0b2f8d115b4595f79a9d2deb22efce569839d354405238040ac28ea94a7d""}",prior_full_SHA_bound_current_size; actual_run_full_parameter_guard
AlphaEdit_L4_ONLY-edits08000,AlphaEdit,L4_ONLY,8000,/mnt/raid5/janghj/ODE-edit/local/blue-checkpoint-downstream/20260909-v1/imports/initial6-v1/payload/local/blue-lifelong-b100x100/attempt-checkpoint-r2/output/main-cell-3/B080/W-method-state.pt,1057009829,aaab3177a0ec402286d2f13d5b082975da126b5de61a2efeb1515f8cd4bd2609,1075540b45c29269e690ac63aae44758d8d63174,8afb486c1db24fe5011ec46dfbe5b5dccdb575c2,5b01356928ad2e2e46effad5a2c5621c87746b610992b7b92bf3ace16b6f5729,"{""model.layers.4.mlp.down_proj.weight"": ""c12ba726a289ffb9ca9d28682be04c639b68ca08bf57da416316d14ee4a93282""}",prior_full_SHA_bound_current_size; actual_run_full_parameter_guard
AlphaEdit_L4_ONLY-edits09000,AlphaEdit,L4_ONLY,9000,/mnt/raid5/janghj/ODE-edit/local/blue-checkpoint-downstream/20260909-v1/imports/initial6-v1/payload/local/blue-lifelong-b100x100/attempt-checkpoint-r2/output/main-cell-3/B090/W-method-state.pt,1057012837,836b48df7ad6b28568108c5029b6200bf729365ea20aad5fd0f70fda08927793,1075540b45c29269e690ac63aae44758d8d63174,8afb486c1db24fe5011ec46dfbe5b5dccdb575c2,5b01356928ad2e2e46effad5a2c5621c87746b610992b7b92bf3ace16b6f5729,"{""model.layers.4.mlp.down_proj.weight"": ""2fecc1b739b60a5aa4f7498619a74f9dcb7a15e36444a6a30b087ef310b6679f""}",prior_full_SHA_bound_current_size; actual_run_full_parameter_guard
AlphaEdit_L4_ONLY-edits10000,AlphaEdit,L4_ONLY,10000,/mnt/raid5/janghj/ODE-edit/local/blue-checkpoint-downstream/20260909-v1/imports/initial6-v1/payload/local/blue-lifelong-b100x100/attempt-checkpoint-r2/output/main-cell-3/B100/W-method-state.pt,1057015781,8ace335a744bfe11d8ecf587e78d7752208b98f80be760a6a6ccd10043823ee7,1075540b45c29269e690ac63aae44758d8d63174,8afb486c1db24fe5011ec46dfbe5b5dccdb575c2,5b01356928ad2e2e46effad5a2c5621c87746b610992b7b92bf3ace16b6f5729,"{""model.layers.4.mlp.down_proj.weight"": ""c598d490286bfbc3bd36528b1b747ee2a2b52a55d4f6ee4d49d69a67544af957""}",prior_full_SHA_bound_current_size; actual_run_full_parameter_guard
MEMIT_L8_ONLY-edits00100,MEMIT,L8_ONLY,100,/mnt/raid5/janghj/ODE-edit/local/blue-checkpoint-downstream/20260909-v1/imports/initial6-v1/payload/local/blue-lifelong-b100x100/attempt-checkpoint-r2/output/main-cell-4/B001/W-method-state.pt,234902885,296f7aab9d745c1ca520f740b119b4b935821e151763d8331592e0ff9739a240,1075540b45c29269e690ac63aae44758d8d63174,8afb486c1db24fe5011ec46dfbe5b5dccdb575c2,5b01356928ad2e2e46effad5a2c5621c87746b610992b7b92bf3ace16b6f5729,"{""model.layers.8.mlp.down_proj.weight"": ""c8c9024dd058baf7661886a7e37828815101a43a08c55128ad58e66c5ad03ff4""}",prior_full_SHA_bound_current_size; actual_run_full_parameter_guard
MEMIT_L8_ONLY-edits00500,MEMIT,L8_ONLY,500,/mnt/raid5/janghj/ODE-edit/local/blue-checkpoint-downstream/20260909-v1/imports/initial6-v1/payload/local/blue-lifelong-b100x100/attempt-checkpoint-r2/output/main-cell-4/B005/W-method-state.pt,234904101,65fdff8ad242f6a8b9c15ce80dba71ec787a186d72c8df69a13f4aa842791f84,1075540b45c29269e690ac63aae44758d8d63174,8afb486c1db24fe5011ec46dfbe5b5dccdb575c2,5b01356928ad2e2e46effad5a2c5621c87746b610992b7b92bf3ace16b6f5729,"{""model.layers.8.mlp.down_proj.weight"": ""ba6b22a17820f729762ac57ec31d2baff26cfc6c704496a028af5fa7025c8971""}",prior_full_SHA_bound_current_size; actual_run_full_parameter_guard
MEMIT_L8_ONLY-edits01000,MEMIT,L8_ONLY,1000,/mnt/raid5/janghj/ODE-edit/local/blue-checkpoint-downstream/20260909-v1/imports/initial6-v1/payload/local/blue-lifelong-b100x100/attempt-checkpoint-r2/output/main-cell-4/B010/W-method-state.pt,234905573,88484ea2d5a805e39507fc0303777f56681052a2b14931c795ae7b8de22780f4,1075540b45c29269e690ac63aae44758d8d63174,8afb486c1db24fe5011ec46dfbe5b5dccdb575c2,5b01356928ad2e2e46effad5a2c5621c87746b610992b7b92bf3ace16b6f5729,"{""model.layers.8.mlp.down_proj.weight"": ""e1ba5e307568d6248087086a1fddf150d92f8c1d5ee2b67d6920ee61520e222e""}",prior_full_SHA_bound_current_size; actual_run_full_parameter_guard
MEMIT_L8_ONLY-edits02000,MEMIT,L8_ONLY,2000,/mnt/raid5/janghj/ODE-edit/local/blue-checkpoint-downstream/20260909-v1/imports/initial6-v1/payload/local/blue-lifelong-b100x100/attempt-checkpoint-r2/output/main-cell-4/B020/W-method-state.pt,234908581,c7b1f81d4a51faf9d5eb69f3d607b4755a9a75305a8f1b229387509148701090,1075540b45c29269e690ac63aae44758d8d63174,8afb486c1db24fe5011ec46dfbe5b5dccdb575c2,5b01356928ad2e2e46effad5a2c5621c87746b610992b7b92bf3ace16b6f5729,"{""model.layers.8.mlp.down_proj.weight"": ""6d0e1323152fc3fc19d68ce120e48f4276209b0c6d4058821f33a427633486ec""}",prior_full_SHA_bound_current_size; actual_run_full_parameter_guard
MEMIT_L8_ONLY-edits03000,MEMIT,L8_ONLY,3000,/mnt/raid5/janghj/ODE-edit/local/blue-checkpoint-downstream/20260909-v1/imports/initial6-v1/payload/local/blue-lifelong-b100x100/attempt-checkpoint-r2/output/main-cell-4/B030/W-method-state.pt,234911589,3117ea45f962c537ba2eb31cd245ddf29b7a137efddc0fc7f16e971f7763c285,1075540b45c29269e690ac63aae44758d8d63174,8afb486c1db24fe5011ec46dfbe5b5dccdb575c2,5b01356928ad2e2e46effad5a2c5621c87746b610992b7b92bf3ace16b6f5729,"{""model.layers.8.mlp.down_proj.weight"": ""39f00a853419835bdf4e1eef3638245cc1a4f8be16715b082dc2d698169edcb1""}",prior_full_SHA_bound_current_size; actual_run_full_parameter_guard
MEMIT_L8_ONLY-edits04000,MEMIT,L8_ONLY,4000,/mnt/raid5/janghj/ODE-edit/local/blue-checkpoint-downstream/20260909-v1/imports/initial6-v1/payload/local/blue-lifelong-b100x100/attempt-checkpoint-r2/output/main-cell-4/B040/W-method-state.pt,234914533,b8fcd069abdc88c983191f90a12cbea923c2d64f1daa2f4cec5e753ff28b8066,1075540b45c29269e690ac63aae44758d8d63174,8afb486c1db24fe5011ec46dfbe5b5dccdb575c2,5b01356928ad2e2e46effad5a2c5621c87746b610992b7b92bf3ace16b6f5729,"{""model.layers.8.mlp.down_proj.weight"": ""c3adc329db67632c053d937dc3047bf391bcb014bedd3768b60547325c59f254""}",prior_full_SHA_bound_current_size; actual_run_full_parameter_guard
MEMIT_L8_ONLY-edits05000,MEMIT,L8_ONLY,5000,/mnt/raid5/janghj/ODE-edit/local/blue-checkpoint-downstream/20260909-v1/imports/initial6-v1/payload/local/blue-lifelong-b100x100/attempt-checkpoint-r2/output/main-cell-4/B050/W-method-state.pt,234917541,31e83bee5ac4d1448b1851ff26925f424486ba2337ad5ae6ce675ee9eb1828a5,1075540b45c29269e690ac63aae44758d8d63174,8afb486c1db24fe5011ec46dfbe5b5dccdb575c2,5b01356928ad2e2e46effad5a2c5621c87746b610992b7b92bf3ace16b6f5729,"{""model.layers.8.mlp.down_proj.weight"": ""124d54cb37a59ae167bd128cbb59c8262a7a1adc4e8660ad0bacd276729addae""}",prior_full_SHA_bound_current_size; actual_run_full_parameter_guard
MEMIT_L8_ONLY-edits06000,MEMIT,L8_ONLY,6000,/mnt/raid5/janghj/ODE-edit/local/blue-checkpoint-downstream/20260909-v1/imports/initial6-v1/payload/local/blue-lifelong-b100x100/attempt-checkpoint-r2/output/main-cell-4/B060/W-method-state.pt,234920549,b3a70e9b691bad740b2760e6375a0a7c0f2935f95ac30847f6b534afdbc8d9bf,1075540b45c29269e690ac63aae44758d8d63174,8afb486c1db24fe5011ec46dfbe5b5dccdb575c2,5b01356928ad2e2e46effad5a2c5621c87746b610992b7b92bf3ace16b6f5729,"{""model.layers.8.mlp.down_proj.weight"": ""a987188c5875e586c5811ec609ebae6aeb3e29251ae83411e4779c433b800abc""}",prior_full_SHA_bound_current_size; actual_run_full_parameter_guard
MEMIT_L8_ONLY-edits07000,MEMIT,L8_ONLY,7000,/mnt/raid5/janghj/ODE-edit/local/blue-checkpoint-downstream/20260909-v1/imports/initial6-v1/payload/local/blue-lifelong-b100x100/attempt-checkpoint-r2/output/main-cell-4/B070/W-method-state.pt,234923493,3f273c5b4db43f8d29d7603e2c9940009ba8450a5b399fb31f454992f339e248,1075540b45c29269e690ac63aae44758d8d63174,8afb486c1db24fe5011ec46dfbe5b5dccdb575c2,5b01356928ad2e2e46effad5a2c5621c87746b610992b7b92bf3ace16b6f5729,"{""model.layers.8.mlp.down_proj.weight"": ""76adf63777ded72f7e85d27bf22a807c40d48b4b1a886b956f8cdc79e0ef73aa""}",prior_full_SHA_bound_current_size; actual_run_full_parameter_guard
MEMIT_L8_ONLY-edits08000,MEMIT,L8_ONLY,8000,/mnt/raid5/janghj/ODE-edit/local/blue-checkpoint-downstream/20260909-v1/imports/initial6-v1/payload/local/blue-lifelong-b100x100/attempt-checkpoint-r2/output/main-cell-4/B080/W-method-state.pt,234926501,a7a530e2b4a5d401947ccbcf08107e9b90eb6e0bf32fc4bcc75ddd7c24a9ec3f,1075540b45c29269e690ac63aae44758d8d63174,8afb486c1db24fe5011ec46dfbe5b5dccdb575c2,5b01356928ad2e2e46effad5a2c5621c87746b610992b7b92bf3ace16b6f5729,"{""model.layers.8.mlp.down_proj.weight"": ""41ed2d539479d8c3815e98b6896af9d2b83aae35473058d8438c204de428001a""}",prior_full_SHA_bound_current_size; actual_run_full_parameter_guard
MEMIT_L8_ONLY-edits09000,MEMIT,L8_ONLY,9000,/mnt/raid5/janghj/ODE-edit/local/blue-checkpoint-downstream/20260909-v1/imports/initial6-v1/payload/local/blue-lifelong-b100x100/attempt-checkpoint-r2/output/main-cell-4/B090/W-method-state.pt,234929509,1a42c7acc91b5fd9b57ffd2bb28f9d160ba7a84e8b95712e23dcad755188100c,1075540b45c29269e690ac63aae44758d8d63174,8afb486c1db24fe5011ec46dfbe5b5dccdb575c2,5b01356928ad2e2e46effad5a2c5621c87746b610992b7b92bf3ace16b6f5729,"{""model.layers.8.mlp.down_proj.weight"": ""90fc1b16b8d74b52da6b8bb765ae0aa47c642dac1e99d0756a0f776d4d4a2e81""}",prior_full_SHA_bound_current_size; actual_run_full_parameter_guard
MEMIT_L8_ONLY-edits10000,MEMIT,L8_ONLY,10000,/mnt/raid5/janghj/ODE-edit/local/blue-checkpoint-downstream/20260909-v1/imports/initial6-v1/payload/local/blue-lifelong-b100x100/attempt-checkpoint-r2/output/main-cell-4/B100/W-method-state.pt,234932517,e387c7674771ca3663af91b5f1076f38fa6f047feebf2b0caf28ea2b9822a43e,1075540b45c29269e690ac63aae44758d8d63174,8afb486c1db24fe5011ec46dfbe5b5dccdb575c2,5b01356928ad2e2e46effad5a2c5621c87746b610992b7b92bf3ace16b6f5729,"{""model.layers.8.mlp.down_proj.weight"": ""464b5eb8d6a3bd3afd1d82754d4ed5347f41b5964f5017acf74c376ceea4bf51""}",prior_full_SHA_bound_current_size; actual_run_full_parameter_guard
AlphaEdit_L8_ONLY-edits00100,AlphaEdit,L8_ONLY,100,/mnt/raid5/janghj/ODE-edit/local/blue-checkpoint-downstream/20260909-v1/imports/initial6-v1/payload/local/blue-lifelong-b100x100/attempt-checkpoint-r2/output/main-cell-5/B001/W-method-state.pt,1056986213,1389082f323204e9d074056cbf6cab598b3a54ca504f1211fb9d6a900c7ece6a,1075540b45c29269e690ac63aae44758d8d63174,8afb486c1db24fe5011ec46dfbe5b5dccdb575c2,5b01356928ad2e2e46effad5a2c5621c87746b610992b7b92bf3ace16b6f5729,"{""model.layers.8.mlp.down_proj.weight"": ""16c05d439e402916acfd7a6bb1cdc80b5f5bbaa025310f7c56ac91789b649a62""}",prior_full_SHA_bound_current_size; actual_run_full_parameter_guard
AlphaEdit_L8_ONLY-edits00500,AlphaEdit,L8_ONLY,500,/mnt/raid5/janghj/ODE-edit/local/blue-checkpoint-downstream/20260909-v1/imports/initial6-v1/payload/local/blue-lifelong-b100x100/attempt-checkpoint-r2/output/main-cell-5/B005/W-method-state.pt,1056987429,b66fbc1808ef4a374dfc16842e5bd68a6c44877b7a296dc918672997018ee907,1075540b45c29269e690ac63aae44758d8d63174,8afb486c1db24fe5011ec46dfbe5b5dccdb575c2,5b01356928ad2e2e46effad5a2c5621c87746b610992b7b92bf3ace16b6f5729,"{""model.layers.8.mlp.down_proj.weight"": ""018517991d557e1d677c7a8cd2d05ca138067702062544987abf5e1f21292b83""}",prior_full_SHA_bound_current_size; actual_run_full_parameter_guard
AlphaEdit_L8_ONLY-edits01000,AlphaEdit,L8_ONLY,1000,/mnt/raid5/janghj/ODE-edit/local/blue-checkpoint-downstream/20260909-v1/imports/initial6-v1/payload/local/blue-lifelong-b100x100/attempt-checkpoint-r2/output/main-cell-5/B010/W-method-state.pt,1056988901,bdbd8a0c642df12ca92ed85b3cba1255760935544dd9d47ddcbd648d5c9926e7,1075540b45c29269e690ac63aae44758d8d63174,8afb486c1db24fe5011ec46dfbe5b5dccdb575c2,5b01356928ad2e2e46effad5a2c5621c87746b610992b7b92bf3ace16b6f5729,"{""model.layers.8.mlp.down_proj.weight"": ""14f2b34eaa3104ea7e0d5c38d37417a5a6053b1ce36036bb752f51964c651790""}",prior_full_SHA_bound_current_size; actual_run_full_parameter_guard
AlphaEdit_L8_ONLY-edits02000,AlphaEdit,L8_ONLY,2000,/mnt/raid5/janghj/ODE-edit/local/blue-checkpoint-downstream/20260909-v1/imports/initial6-v1/payload/local/blue-lifelong-b100x100/attempt-checkpoint-r2/output/main-cell-5/B020/W-method-state.pt,1056991909,e00e0b8af6f0a0974cf7e3b6cbeb5e67d690df5b59871cdc0663b4da78c90467,1075540b45c29269e690ac63aae44758d8d63174,8afb486c1db24fe5011ec46dfbe5b5dccdb575c2,5b01356928ad2e2e46effad5a2c5621c87746b610992b7b92bf3ace16b6f5729,"{""model.layers.8.mlp.down_proj.weight"": ""1478ad83516cd6659071bacb6bbda72ff6545673e92b82dbbd03b24c57ed78a6""}",prior_full_SHA_bound_current_size; actual_run_full_parameter_guard
AlphaEdit_L8_ONLY-edits03000,AlphaEdit,L8_ONLY,3000,/mnt/raid5/janghj/ODE-edit/local/blue-checkpoint-downstream/20260909-v1/imports/initial6-v1/payload/local/blue-lifelong-b100x100/attempt-checkpoint-r2/output/main-cell-5/B030/W-method-state.pt,1056994853,ce3f4771dc4d68b18488085b3a58330d71a6a5e086b6409030e7584b74373d35,1075540b45c29269e690ac63aae44758d8d63174,8afb486c1db24fe5011ec46dfbe5b5dccdb575c2,5b01356928ad2e2e46effad5a2c5621c87746b610992b7b92bf3ace16b6f5729,"{""model.layers.8.mlp.down_proj.weight"": ""3af1b0a56e47ed233e6abb394d753f4ea3e4160a65023857d706bcdd328982c5""}",prior_full_SHA_bound_current_size; actual_run_full_parameter_guard
AlphaEdit_L8_ONLY-edits04000,AlphaEdit,L8_ONLY,4000,/mnt/raid5/janghj/ODE-edit/local/blue-checkpoint-downstream/20260909-v1/imports/initial6-v1/payload/local/blue-lifelong-b100x100/attempt-checkpoint-r2/output/main-cell-5/B040/W-method-state.pt,1056997861,b8d33ce565baafe948c7ba31df179c20789bc0e228c52ff47ce831d08f33954b,1075540b45c29269e690ac63aae44758d8d63174,8afb486c1db24fe5011ec46dfbe5b5dccdb575c2,5b01356928ad2e2e46effad5a2c5621c87746b610992b7b92bf3ace16b6f5729,"{""model.layers.8.mlp.down_proj.weight"": ""1943e22be6bcf6561a2136fe00ab06dedf40fd18ad1ae42901c5856d3898197b""}",prior_full_SHA_bound_current_size; actual_run_full_parameter_guard
AlphaEdit_L8_ONLY-edits05000,AlphaEdit,L8_ONLY,5000,/mnt/raid5/janghj/ODE-edit/local/blue-checkpoint-downstream/20260909-v1/imports/initial6-v1/payload/local/blue-lifelong-b100x100/attempt-checkpoint-r2/output/main-cell-5/B050/W-method-state.pt,1057000869,ceaa0249fc62a59dd9cd0d32188d40a6fdbf8a5e1d1d379e61eb7e5786b70465,1075540b45c29269e690ac63aae44758d8d63174,8afb486c1db24fe5011ec46dfbe5b5dccdb575c2,5b01356928ad2e2e46effad5a2c5621c87746b610992b7b92bf3ace16b6f5729,"{""model.layers.8.mlp.down_proj.weight"": ""1a8167cd7abcc73b0b39c8321503bc6b15f64c8a10ad0bd5c9da18ec4e85136d""}",prior_full_SHA_bound_current_size; actual_run_full_parameter_guard
AlphaEdit_L8_ONLY-edits06000,AlphaEdit,L8_ONLY,6000,/mnt/raid5/janghj/ODE-edit/local/blue-checkpoint-downstream/20260909-v1/imports/initial6-v1/payload/local/blue-lifelong-b100x100/attempt-checkpoint-r2/output/main-cell-5/B060/W-method-state.pt,1057003813,25fd926f635f2133cd5ab0c653c686a2705bd4c992cc460c391ef376a63f0bdc,1075540b45c29269e690ac63aae44758d8d63174,8afb486c1db24fe5011ec46dfbe5b5dccdb575c2,5b01356928ad2e2e46effad5a2c5621c87746b610992b7b92bf3ace16b6f5729,"{""model.layers.8.mlp.down_proj.weight"": ""2f3db1c2906bd2ebaaf14363eddbb134a0d9e688f53301dc81d7bce2a662782a""}",prior_full_SHA_bound_current_size; actual_run_full_parameter_guard
AlphaEdit_L8_ONLY-edits07000,AlphaEdit,L8_ONLY,7000,/mnt/raid5/janghj/ODE-edit/local/blue-checkpoint-downstream/20260909-v1/imports/initial6-v1/payload/local/blue-lifelong-b100x100/attempt-checkpoint-r2/output/main-cell-5/B070/W-method-state.pt,1057006821,d02e2e2aaeae2084c4c9fe6fd1faae485618e65790cad8a06cb652914933a62c,1075540b45c29269e690ac63aae44758d8d63174,8afb486c1db24fe5011ec46dfbe5b5dccdb575c2,5b01356928ad2e2e46effad5a2c5621c87746b610992b7b92bf3ace16b6f5729,"{""model.layers.8.mlp.down_proj.weight"": ""8ca1e5b30bada7247b497a9e86353e0dfaebbe60e1cd518dcbeec1468fa06b90""}",prior_full_SHA_bound_current_size; actual_run_full_parameter_guard
AlphaEdit_L8_ONLY-edits08000,AlphaEdit,L8_ONLY,8000,/mnt/raid5/janghj/ODE-edit/local/blue-checkpoint-downstream/20260909-v1/imports/initial6-v1/payload/local/blue-lifelong-b100x100/attempt-checkpoint-r2/output/main-cell-5/B080/W-method-state.pt,1057009829,22e7906b7cb87d454202af815045f797dcd842c6831f224f6fcebbff589c158e,1075540b45c29269e690ac63aae44758d8d63174,8afb486c1db24fe5011ec46dfbe5b5dccdb575c2,5b01356928ad2e2e46effad5a2c5621c87746b610992b7b92bf3ace16b6f5729,"{""model.layers.8.mlp.down_proj.weight"": ""61a84c8fab129523dbe4c869af146fb734567a34262260e520805907bbef69c4""}",prior_full_SHA_bound_current_size; actual_run_full_parameter_guard
AlphaEdit_L8_ONLY-edits09000,AlphaEdit,L8_ONLY,9000,/mnt/raid5/janghj/ODE-edit/local/blue-checkpoint-downstream/20260909-v1/imports/initial6-v1/payload/local/blue-lifelong-b100x100/attempt-checkpoint-r2/output/main-cell-5/B090/W-method-state.pt,1057012837,a747c9021f8cc037b1429e69e844f5d5c0b6a4a5b976f3e805c477f10603d237,1075540b45c29269e690ac63aae44758d8d63174,8afb486c1db24fe5011ec46dfbe5b5dccdb575c2,5b01356928ad2e2e46effad5a2c5621c87746b610992b7b92bf3ace16b6f5729,"{""model.layers.8.mlp.down_proj.weight"": ""10919949caba9a255985801d1cecce41b4b020d969b686a2198c45851f320ab2""}",prior_full_SHA_bound_current_size; actual_run_full_parameter_guard
AlphaEdit_L8_ONLY-edits10000,AlphaEdit,L8_ONLY,10000,/mnt/raid5/janghj/ODE-edit/local/blue-checkpoint-downstream/20260909-v1/imports/initial6-v1/payload/local/blue-lifelong-b100x100/attempt-checkpoint-r2/output/main-cell-5/B100/W-method-state.pt,1057015781,ffd4ab771c594e8a477d7556950cdd3ed10def1563d25cbb5bad61f6c8233602,1075540b45c29269e690ac63aae44758d8d63174,8afb486c1db24fe5011ec46dfbe5b5dccdb575c2,5b01356928ad2e2e46effad5a2c5621c87746b610992b7b92bf3ace16b6f5729,"{""model.layers.8.mlp.down_proj.weight"": ""0bbad3d6c016cac38c681f7f4527a68454cd9db95f6836c37c706fe980904a8a""}",prior_full_SHA_bound_current_size; actual_run_full_parameter_guard
