metric,case_id,prompt_index,identity,e4,e8,e48,interaction,marginal_L4_given_L8,marginal_L8_given_L4,entry_success,joint_success,entry_success_to_failure,entry_failure_to_success
RS,18246,0,07ba7e7a60b1028ff2af33a38bd8fc47f09d3f02f7daf7894555c49321049193,6.091929227113724,-5.988006591796875,6.5316048848908395,6.427682249573991,12.519611476687714,0.4396756577771157,False,True,False,True
RS,6208,0,dbaf4bda6a90fbcf48d2e2961e0fc08d3f9fe24c99677b0989225c2dea955b97,2.877311810851097,2.5268169045448303,2.874151609838009,-2.5299771055579185,0.34733470529317856,-0.0031602010130882263,True,True,False,False
RS,17272,0,76342b1e0a5116a38b68ca6c901088f71ea8b2989453b151d9f85f9d60eabb06,14.244816541671753,14.984829366207123,15.41773833334446,-13.811907574534416,0.43290896713733673,1.1729217916727066,False,True,False,True
RS,5149,0,58fc5a02860b988c14d0c7c46790c6aca51b5cebdf697ac9758c614ebf399270,3.743939995765686,2.8037102222442627,3.9802277088165283,-2.5674225091934204,1.1765174865722656,0.23628771305084229,True,True,False,False
RS,16709,0,e5b251c5051cbd980154232176a155be3b93cd4f995801260440c14258492136,5.032364130020142,-0.9907717704772949,6.222568482160568,2.1809761226177216,7.213340252637863,1.1902043521404266,True,True,False,False
RS,17483,0,b3d4f68ca48147d469722837d0a17705d9e474fd706335e699d3d9c64d032038,4.9438034147024155,-2.994558811187744,5.120091050863266,3.1708464473485947,8.11464986205101,0.17628763616085052,False,True,False,True
RS,9090,0,3d6a1063aac2982ab3152c1b42870c238bae3795c38d22dc3f9d619043e6983a,4.451976299285889,7.296208932530135,7.297554858261719,-4.450630373554304,0.0013459257315844297,2.8455785589758307,True,True,False,False
RS,4395,0,c78cd7c1cb3f0e4a28959fc280f65b89f1e618ef4d1de8d7f8b667ccc5c1b35f,8.155184626579285,-1.7541131973266602,8.98635981976986,2.585288390517235,10.74047301709652,0.8311751931905746,False,True,False,True
RS,14590,0,c67410519e43d292776766a5f7f257f6f00ac864c7e8070a20c6c1c7d9cf25fa,4.535481505095959,-0.758389949798584,4.605446930043399,0.8283553747460246,5.363836879841983,0.06996542494744062,True,True,False,False
RS,7812,0,e0e43d69a0bc005dc08556199f6009dc21cee0eb7e64e64d77d5db0eedab9fff,0.5827021598815918,6.374902725219727,4.646077394485474,-2.3115274906158447,-1.728825330734253,4.063375234603882,False,True,False,True
RS,821,0,6567a1fc057f76234e2f4f5c2b3bc28ca445ca6694939a55e2399831f973ab07,9.73472449183464,10.102766731288284,9.97392164170742,-9.863569581415504,-0.12884508958086371,0.23919714987277985,False,True,False,True
RS,13931,0,c0b28e1ff5b65fae7d564c7315ed194fc7c3e1b04a78844f2b4b045bde1f8ff7,13.151444911956787,14.835370000626426,14.833381016971543,-13.15343389561167,-0.001988983654882759,1.6819361050147563,False,True,False,True
RS,11695,0,944bec557e81caff0b82d9ffc17e34360410398f4c8eaa0aedea2ff91c374e02,9.29915189743042,9.366281295893714,9.313036862760782,-9.352396330563352,-0.05324443313293159,0.01388496533036232,False,True,False,True
RS,9277,0,1bd782cd35b639b20c6079d8c0646de563f2ee5a167f7cb885d4d01fd0a18b0e,12.44276862544939,12.440690165851265,12.44456311315298,-12.438895678147674,0.0038729473017156124,0.0017944877035915852,False,True,False,True
RS,19560,0,e5e39a218c4c5f347df77ffe32b229066f51e39abbafc05c20a1fc871ca88567,15.952805548906326,15.727142930030823,15.977025359869003,-15.702923119068146,0.24988242983818054,0.024219810962677002,False,True,False,True
RS,3,0,398c1c8dc9acb25b629245ee08c2ccae7629931b2824f1b01997206aa770b022,3.2246932983398438,7.181487083435059,7.518159866333008,-2.8880205154418945,0.3366727828979492,4.293466567993164,False,False,False,False
RS,18963,0,87285d461d6cd87bb57b64a641e495449d3b777491ae42479c95f6d276b2ea76,9.503159046173096,6.442387104034424,14.072409334592521,-1.8731368156149983,7.630022230558097,4.5692502884194255,False,True,False,True
RS,17689,0,04591e26578929d32bfc6e3f51cae69cafd50874acccbabeb06c920ea42404f9,1.845725953578949,-0.15608882904052734,1.9341120347380638,0.24447491019964218,2.090200863778591,0.08838608115911484,True,True,False,False
RS,7702,0,599c4e6e258485c10668e47e836bcbf3e87ac6f2c8417187668188af612c1c32,8.473331266082823,8.482413173733221,8.482380869987537,-8.473363569828507,-3.2303745683748275e-05,0.009049603904713877,True,True,False,False
RS,18857,0,6491bd3c4a6a56fbd68122097ea36f261074626fdb37b6042346f80b5b172363,8.432004034519196,8.142307221889496,8.791174687445164,-7.783136568963528,0.6488674655556679,0.35917065292596817,False,True,False,True
RS,3236,0,a8ff72531e0caa7907d71bd8087c2b356080b84ac1e588f4e2c1a00ea0b4ea02,7.5161614418029785,7.684557914733887,14.335214983671904,-0.8655043728649616,6.650657068938017,6.819053541868925,False,True,False,True
RS,5099,0,d731eccdc9de5b262533903484392e07ea99efb5f91f0a0a6673fbe8d4f55547,10.468802019953728,10.666920041665435,10.633270248770714,-10.502451812848449,-0.03364979289472103,0.16446822881698608,True,True,False,False
RS,10315,0,6f14a1a78860f310e0073e735fd240339892db906082a6b45b79ae0a7f254007,6.204482078552246,12.154566258192062,12.594335102883633,-5.764713233860675,0.43976884469157085,6.389853024331387,False,True,False,True
RS,10098,0,11febb639d89888133903219f054e10faea4acec5e06d62d086d537f5c646f4d,10.435902953147888,5.482122898101807,11.24799482524395,-4.670031026005745,5.765871927142143,0.8120918720960617,False,True,False,True
RS,5617,0,8ecb7d16229809eb5485cb0bbc4c0b892daf76efce342f81b2306352f0166c04,0.9920199662446976,0.8278532326221466,1.05942342011258,-0.7604497787542641,0.23157018749043345,0.06740345386788249,True,True,False,False
RS,17308,0,e4fb69c32e27f838944a40c42722f18436ebcece196c6607456b8003229b3d93,7.060114681720734,5.691805124282837,7.880213171243668,-4.871706634759903,2.1884080469608307,0.820098489522934,False,True,False,True
RS,16643,0,2c73175e21771d57eed5fa5f0e6a2461c6370487757ca6adaaad7fc2939ba35c,6.312022864818573,-2.775567054748535,6.513879612088203,2.9774238020181656,9.289446666836739,0.20185674726963043,False,True,False,True
RS,11354,0,2e55ef336c23b8515ddcf6246e2ba9b08436a660d6ae3abfaa010806306f34b3,10.88617304712534,4.300369739532471,10.910985931754112,-4.275556854903698,6.6106161922216415,0.024812884628772736,False,True,False,True
RS,14683,0,351ffea67556cefef231f3d9e9e94ea7606daf70a7166fe83492bbfd5fc1b748,5.203193724155426,5.318743407726288,5.929613381624222,-4.592323750257492,0.610869973897934,0.7264196574687958,True,True,False,False
RS,11156,0,a98099f644eb41ff58ac0f417c28045fa5a7e142d38bb9d586de7090e7d2b971,9.9359090924263,-7.741747856140137,10.468346327543259,8.274185091257095,18.210094183683395,0.5324372351169586,False,True,False,True
RS,6225,0,16dace884ea6ccb19818ae76e77fb3366b09d3f9ef5db38ac687126ab29a8cd0,3.7787394523620605,-2.9734201431274414,5.1121320724487305,4.306812763214111,8.085552215576172,1.33339262008667,False,False,False,False
RS,18311,0,9bb066fc2891ca60b743e36ac60477587d1a104e277e6ab947f3f4907c4ce9d3,6.295000314712524,6.932301640510559,7.9969757865183055,-5.230326168704778,1.0646741460077465,1.7019754718057811,False,True,False,True
RS,2827,0,62f349415d880b7ab758928443dab88e1dc12e3257f6cb10e78d542c2d975b10,-1.5116825103759766,6.065053701400757,7.117070460692048,2.563699269667268,1.0520167592912912,8.628752971068025,False,True,False,True
RS,13137,0,cfe13a94eedc7b6a6627f1cfccd91da8298bc5636a32add78645c90161ab01a1,12.705946505069733,13.121047568507493,13.09404207020998,-12.732952003367245,-0.02700549829751253,0.38809556514024734,False,True,False,True
RS,17628,0,ad7097c2de666663be671cc0ebf409b5234d2796a9458babac495316b2364f58,7.664852142333984,1.6717586517333984,12.041432037949562,2.7048212438821793,10.369673386216164,4.376579895615578,True,True,False,False
RS,6125,0,8836fadd0d7e50680ac9d2cd30cd60e7d618c29ce2cd84e9d7e0ca8835ab0925,5.858849756419659,-0.4988245964050293,5.8929499592632055,0.5329247992485762,6.391774555668235,0.03410020284354687,True,True,False,False
RS,17930,0,97627f7d1d9b18cc2d536e52e78947dd77e651bbc8d25105bd75927e8df8aad1,4.651814639568329,-1.5845232009887695,5.3679858623072505,2.300694423727691,6.95250906329602,0.7161712227389216,False,True,False,True
RS,19191,0,e67e61652e778ef3a8cfe57df668f8d7c78df5dfb9dbf80fba12fe3d42f5510a,5.983061231672764,6.056571424938738,6.046289674937725,-5.993342981673777,-0.010281750001013279,0.06322844326496124,False,True,False,True
RS,8223,0,381ab9504af8eb24929a853a14de93362a6f0fe35ef786597442b642381d23cc,5.055438857525587,-4.937453269958496,4.751260161399841,4.63327457383275,9.688713431358337,-0.3041786961257458,True,True,False,False
RS,9627,0,8bd997a3057881ddb4e998b2fa6ec5f5002e80019588574611c27a25c1e569ea,9.548653185367584,-0.932093620300293,10.248922153376043,1.6323625883087516,11.181015773676336,0.7002689680084586,True,True,False,False
RS,10783,0,e82b4d6e5ddec77c0d8fa1d3a977246d5db06d98fb3c5c22d207594b88f545dc,9.357269763946533,10.458912134170532,11.275744125247002,-8.540437772870064,0.8168319910764694,1.9184743613004684,False,True,False,True
RS,21630,0,04a7aa1c54c1a3d05073d60752573933c0164fa2536045a0a9d4b845f1ef32fb,9.546604990959167,9.574968338012695,10.075254272669554,-9.046319056302309,0.5002859346568584,0.5286492817103863,False,True,False,True
RS,3485,0,a2f3fe4dc7d41d3b18a7ce703eb3fc9a8f893fb695b5d3733861c82c88e14f32,9.215184152126312,6.204224109649658,9.557860344648361,-5.861547917127609,3.353636234998703,0.34267619252204895,False,True,False,True
RS,1684,0,d3afea0c92bcfbacbaa153da1f000a8a7d4aef72a17e3d2201e25cf1eafa4495,5.949118137359619,-4.545352458953857,6.405247807502747,5.001482129096985,10.950600266456604,0.45612967014312744,True,True,False,False
RS,7580,0,694514c55ddb6e9736524cbe9dd0ae0348511b2dfdb23e67876a83a20b082d10,9.661235690116882,10.368220314383507,10.586772866547108,-9.442683137953281,0.21855255216360092,0.9255371764302254,False,True,False,True
RS,12727,0,75815a4b13ace72563cf1f4f6f8cb9c4b2f763c3cdf45b6fdc4a3a16b7e2a847,9.75883474946022,2.187073230743408,10.06745881587267,-1.8784491643309593,7.880385585129261,0.3086240664124489,True,True,False,False
RS,8776,0,5ab52d1b9947e946a117cddb4eaab1e8317778c2af90f99e4590b288a9e74ecb,2.1094046384096146,-5.4383087158203125,2.1996030509471893,5.528507128357887,7.637911766767502,0.09019841253757477,False,True,False,True
RS,8823,0,bc66a1a2b367e0803dd89f7358c33942224212a270512ee389583c9353530235,3.213930606842041,6.168285369873047,9.012000799179077,-0.37021517753601074,2.8437154293060303,5.798070192337036,False,True,False,True
RS,5771,0,5282d17faca2c4fdaaa97d354aeebb532358a9f5aaa4cbc4fd6e315601727a99,6.857327461242676,10.202989310026169,10.590039737522602,-6.4702770337462425,0.38705042749643326,3.7327122762799263,False,True,False,True
RS,18565,0,1a68baad2ef59caf0966341315de2fb7f3fff3b88fc80402fa8c5e08800feae4,3.537728652358055,-1.1047966480255127,3.5965430117212236,1.1636110073886812,4.701339659746736,0.05881435936316848,False,True,False,True
RS,7329,0,2dd45720f856830de182fe2ed4499628510a16a27efdc74668d0c3e887b9de80,5.130253791809082,0.6183338165283203,7.5759371761232615,1.827349567785859,6.957603359594941,2.4456833843141794,True,True,False,False
RS,8098,0,23f4d4414486130ee823816456660013e392e9967c62b47523d32e9ba2d071df,1.2976612020283937,1.1733492314815521,1.3217069655656815,-1.1493034679442644,0.14835773408412933,0.024045763537287712,True,True,False,False
RS,14557,0,432930faf89eb0a9eda0c73009ba4b582773b62b7b8e301b4685be96ed7c8644,8.191572189331055,13.495649516582489,11.92012882232666,-9.767092883586884,-1.5755206942558289,3.7285566329956055,False,True,False,True
RS,16758,0,f7bc0b0c291286b9759e8e8ba21c9ce66dbee1c6d4f1f74966305c32e1648f24,6.385835736989975,-6.506158828735352,6.744676508009434,6.86499959975481,13.250835336744785,0.35884077101945877,False,True,False,True
RS,14438,0,d6c9e6404613727198b5c3accf8ca4b11656d2cc51447cc350569de81e819605,6.633303701877594,3.225520610809326,7.303818762302399,-2.5550055503845215,4.0782981514930725,0.6705150604248047,True,True,False,False
RS,3161,0,72a2f026568a0070050fcc76754bf2a3b914646792a9f2a9dc02bef959a86e2f,4.013943672180176,4.984426099341363,4.964157612994313,-4.034212158527225,-0.020268486347049475,0.9502139408141375,True,True,False,False
RS,4180,0,8380a0261bec51b46a6ea1a6adb40462bd7f7b0879e1b3e5b6379906996a04c0,9.090059041976929,2.6393532752990723,10.413299143314362,-1.3161131739616394,7.773945868015289,1.3232401013374329,False,True,False,True
RS,7171,0,c5c645ce42850e51edc0e32cce3604f526416b62fdcf1429cff0f39d3f9bf93f,5.183963477611542,3.491976261138916,5.77528478205204,-2.9006549566984177,2.283308520913124,0.5913213044404984,True,True,False,False
RS,17435,0,829944ce573f86348180221509c9096d1cbe61911d1cdf2c6d5fee56e5dc825f,7.407692968845367,5.487046003341675,7.966818273067474,-4.927920699119568,2.4797722697257996,0.5591253042221069,False,True,False,True
RS,6391,0,90e94c066e3ad7ed252e68a46253e492002d546913dd7a90c086483186d1e297,4.521178245544434,-3.3531975746154785,4.939474940299988,3.7714942693710327,8.292672514915466,0.4182966947555542,False,True,False,True
RS,17787,0,89da0ef158be3d9a7f0c0dec79848293410dcb31d596b88104aaaab18093475d,5.750786185264587,-5.399385452270508,5.882310225628316,5.530909492634237,11.281695677898824,0.131524040363729,False,True,False,True
RS,10515,0,edd8070b8c14f5c86e8db64efd1a4e2c270ce34e13de5a209dd544ffe3ccecfe,8.371928818523884,0.1829671859741211,8.46496965456754,-0.08992634993046522,8.282002468593419,0.09304083604365587,False,True,False,True
RS,11748,0,b5952b271535227be62244e6629ba93d4b400656513e16563a1a58eb65cab5cc,12.074307918548584,11.52741527557373,14.721803992986679,-8.879919201135635,3.1943887174129486,2.647496074438095,False,True,False,True
RS,17389,0,b203feb542cfb1bb57a19093dd482852113cc671543936bd73ef161653e71db0,10.29503858089447,10.975727789103985,10.979208307311637,-10.291558062686818,0.0034805182076524943,0.6841697264171671,False,True,False,True
RS,10070,0,f7c6f6901d7d37a2d64410ce038199f5d1d9df0f511adf984b49f234cce99261,7.884141445159912,3.0046095848083496,8.494951121509075,-2.3937999084591866,5.4903415367007256,0.610809676349163,True,True,False,False
RS,4792,0,586756bad46e6f7ac003aac49674cedc09ee4b9ff7559ef7d5cabbf77980e714,7.660369873046875,14.8579683303833,15.35836637020111,-7.159971833229065,0.5003980398178101,7.697996497154236,False,True,False,True
RS,13386,0,2258088c181ebb68c3df79c58b7acfefdc2023bc35e1467fe6f46ca0095df084,6.087236404418945,2.5925416946411133,11.79534255177714,3.1155644527170807,9.202800857136026,5.708106147358194,False,True,False,True
RS,11178,0,3bf481686d2c47085e9be580688d5eee9a92c88569b12328ee0679e7963184ca,-4.685373306274414,7.628565609455109,7.513001322746277,4.569809019565582,-0.11556428670883179,12.198374629020691,False,True,False,True
RS,20771,0,44af2a10170c9ddf2e026ee1d01598ef0fdbd80e5e12f4f7145053999e2018da,0.294163316488266,0.3435318134725094,0.36675963923335075,-0.2709354907274246,0.02322782576084137,0.07259632274508476,True,True,False,False
RS,21299,0,7ff424dd8f5fa62a0b053c6948785fbfb8cec132eae3623515ebc6bc4ce7d9a0,16.5137939453125,19.132436633110046,20.460776819381863,-15.185453759040684,1.3283401862718165,3.946982874069363,False,True,False,True
RS,2908,0,37c036e23e7a009c5c66848b47f2a2649d60a56db11f4f954fc2cb4f748814b4,9.070236209779978,9.07550111413002,9.119223902700469,-9.026513421209529,0.043722788570448756,0.0489876929204911,False,True,False,True
RS,17068,0,7b25fa6e368b59fe3e12c39e2d52fc6623997f44304eb21cb2038227b9d62c87,2.232737183570862,1.304417610168457,3.6855887481942773,0.14843395445495844,2.3811711380258203,1.4528515646234155,False,True,False,True
RS,12230,0,b185e519d173d7277537cea70c863f2d2bb19d4838b4e499a5834e40a515b1d5,9.779349155724049,5.362054824829102,9.813324350863695,-5.328079629689455,4.451269526034594,0.03397519513964653,False,True,False,True
RS,19068,0,d7844a1dd08927970643d08c40719537e547d2eadec3b2c467209ebdfc84ba7d,8.427648320794106,8.546801185235381,8.547865936532617,-8.42658356949687,0.001064751297235489,0.12021761573851109,True,True,False,False
RS,16823,0,e425d39664b71db0455151046b387b27f07e6067350d2aafeaea6af0346d551f,7.892452239990234,11.993998884077882,11.929063938558102,-7.957387185510015,-0.06493494551978074,4.036611698567867,False,True,False,True
RS,2515,0,761a67364bac6ab8fb50e43c3146066209ba18cba98ba251aa7b920f12014701,6.57821371499449,0.8829288482666016,6.57972921198234,-0.8814133512787521,5.696800363715738,0.001515496987849474,False,True,False,True
RS,1057,0,2f09fbe16cccdbd67d4ae5daf6e7101f98f7de5d8307a88fefd76edd6a54e805,11.26250596344471,-6.741731643676758,11.285421334207058,6.764647014439106,18.027152977883816,0.022915370762348175,False,True,False,True
RS,13170,0,d61e57e76c2ba53d609e00aa26cfb5dfbff8c43f67130faa8310abe3016389a1,1.1504012942314148,0.4194445013999939,1.1931022498756647,-0.376743545755744,0.7736577484756708,0.042700955644249916,True,True,False,False
RS,20011,0,cac38389cdf935f0301efc6c641bb111ec8eee9a0b4eadfce88211bd7b2c0117,7.29475933779031,-1.7696633338928223,7.301106100036122,1.7760100961386343,9.070769433928945,0.006346762245811988,False,True,False,True
RS,4087,0,216cfd6174792c2ffd5dec5d522198560ef3a005cbf5ad994d292e2387ef4163,4.541745662689209,12.235570835182443,12.22974502760917,-4.547571470262483,-0.005825807573273778,7.6879993649199605,False,True,False,True
RS,6438,0,5f1fcfe14d3b3db74b55eb3e8c28e44a1a1402ce07c289437154238a1f46a832,10.275474278314505,10.27248672884889,10.275767745100893,-10.272193262062501,0.00328101625200361,0.0002934667863883078,False,True,False,True
RS,8334,0,21c4e08acb5eef38a00887cb8a86230090022245bcff36958d66857260b1621f,14.530171191319823,14.546667413320392,14.540182224474847,-14.536656380165368,-0.0064851888455450535,0.010011033155024052,False,True,False,True
RS,20902,0,9df3594898cdef2b2c0db7d69f3479528eac6b9086c9ecc25cce4b42fb1621b8,6.612408757209778,6.660869598388672,7.6063894629478455,-5.666888892650604,0.9455198645591736,0.9939807057380676,False,True,False,True
RS,5429,0,3b997449af839024210c84c5b1a72d242a22d899ab56c047ba66c3934edf56a0,5.907584190368652,4.903598785400391,6.184147894382477,-4.627035081386566,1.2805491089820862,0.27656370401382446,True,True,False,False
RS,18611,0,5e1f51cf5d8a91c9e52f28aaf0d11b18b90190f3cd0e343f00dd2335613e096e,5.563139319419861,-7.162402153015137,6.539652292616665,8.138915126211941,13.702054445631802,0.9765129731968045,True,True,False,False
RS,17754,0,7f7ad0dd3e4f6b8d38bc84e3004b19fd0ede5fdb08126edb2f8cc27b60b53154,11.357932090759277,13.88987494277535,13.884601359255612,-11.363205674279016,-0.0052735835197381675,2.5266692684963346,False,True,False,True
RS,17680,0,49e0e8a5b08c8667319f4eecac9b898bd75e0fbd939188660982d20546c430de,2.2905819322913885,-0.738591194152832,2.295124651864171,0.7431339137256145,3.033715846017003,0.0045427195727825165,True,True,False,False
RS,850,0,6695981a5187a8a15c174e0ca7f5a307445539945edba49669617a077c1b0b79,7.435259103775024,7.944122588261962,7.93026359193027,-7.449118100106716,-0.013858996331691742,0.4950044881552458,False,True,False,True
RS,5147,0,f63670888b57106cabf542166499b0262d3c6ba659e1bb79b0e8ae2bf85e8812,5.879360914230347,0.4265117645263672,6.307886719703674,0.0020140409469604492,5.881374955177307,0.42852580547332764,True,True,False,False
RS,15860,0,5e2edc2f91fb4b54a4d7c7c998444d1f17716d52c318a04a827415905bb66aca,9.356462761759758,2.929112434387207,9.447518695145845,-2.8380565010011196,6.518406260758638,0.09105593338608742,False,True,False,True
RS,2475,0,5373f17c582b925126c6b3e1f582be64b1a4bcd731043d511b714ee6d9926b17,13.638261795043945,15.729940939694643,15.623292356729507,-13.74491037800908,-0.10664858296513557,1.9850305616855621,False,True,False,True
RS,1740,0,bc42eeadb2dd2b2c02196f5f2a2e20ebf4783baa0e17719c6a3e62c70f483ac2,8.93061637878418,-1.9102210998535156,9.61292627453804,2.592530995607376,11.523147374391556,0.6823098957538605,False,True,False,True
RS,20050,0,f7cd1770b61fd0c685e258b99c811cc07061eda4436dc9145a3b7c74fa98e677,-8.074530601501465,-5.304831504821777,5.0445380210876465,18.42390012741089,10.349369525909424,13.119068622589111,False,False,False,False
RS,14406,0,dc05fae708fab8c084279e7bf19dae96d0516d1e3319f9f052e12e99744af8c2,9.331397920846939,0.38893699645996094,9.4554412253201,-0.26489369198679924,9.06650422886014,0.1240433044731617,False,True,False,True
RS,10173,0,027dd0746e333b294c0a5fe8fffad9b6a706717f021a271e62891c1ce54a2818,4.942370891571045,7.633611082099378,7.594594616442919,-4.981387357227504,-0.03901646565645933,2.652223724871874,False,True,False,True
RS,4679,0,a69897733a5e55169baf0593b8ac6f555e55391c276fe74a15a5f1f689977183,10.228447146713734,-0.14606475830078125,10.245919138891622,0.16353675047867,10.391983897192404,0.01747199217788875,False,True,False,True
RS,11368,0,0eac5209ddd83ed221d6de56fb9bbf8aa47599ef5f8021cbe4aaf0966db2dc32,8.026731967926025,14.541098594665527,15.232515695504844,-7.3353148670867085,0.6914171008393168,7.205783727578819,False,True,False,True
RS,13460,0,9645a97bacb2e0b99cd9044ac2c656ad8266798b29119d0e8ca9ec79d964dfb0,8.86857508122921,-2.657778739929199,8.981461212038994,2.770664870738983,11.639239951968193,0.11288613080978394,False,True,False,True
RS,13158,0,b1b5c74d31ff50552b171875c372a8fedfd79dd1dbdd502e26c6638e16a69a85,1.6937360391020775,-3.1404439210891724,1.7784367422573268,3.2251446242444217,4.918880663346499,0.08470070315524936,False,True,False,True
RS,13856,0,3f952908dbd1f9ccfbff78804ef0cb92b2ab4c7039520e123f8fc3cdcb65ded8,7.069070279598236,7.2494820058345795,7.20451282709837,-7.114039458334446,-0.04496917873620987,0.13544254750013351,True,True,False,False
PS,18246,0,db247e3434c48b6ad1d4b5ac49bc423dfeb7396f62377637fcf465baa0ceca22,7.698140621185303,-2.884528160095215,7.886905670166016,3.0732932090759277,10.77143383026123,0.1887650489807129,False,True,False,True
PS,18246,1,60e105d4f2ee3957079155e28126d8355a8617df44c79f280b002bdc1f76d0eb,6.108998537063599,-3.706061363220215,6.316332459449768,3.9133952856063843,10.022393822669983,0.20733392238616943,False,True,False,True
PS,6208,0,5bbca10114f8f499e46beff57bbed395266495a0a9883a389820ca47b86d05f0,2.4749951362609863,1.5216279029846191,2.3424293994903564,-1.654193639755249,0.8208014965057373,-0.13256573677062988,False,True,False,True
PS,6208,1,b00c4f43d6eeb41c439fd0ebb8c74b5f3b5b1ffabeb01393e9689a5bad148ec1,3.2412918619811535,3.2252424024045467,3.242524447850883,-3.224009816534817,0.01728204544633627,0.0012325858697295189,False,True,False,True
PS,17272,0,d8d2dd2304524d2d097de7e2879305533abf2f325af38c34db2798a8c2092694,7.198019206523895,7.219059735536575,7.343132525682449,-7.073946416378021,0.12407279014587402,0.14511331915855408,False,True,False,True
PS,17272,1,b663d022b9a1e4e36e7de3171a40325156720746f9b7c145ca709c85744e7299,8.52151346206665,8.585288047790527,10.939428329467773,-6.167373180389404,2.354140281677246,2.417914867401123,False,True,False,True
PS,5149,0,01848a5c7d4dd22f94fc4611951ee2c49754cd25390d217fadaa3711ae50dc7f,4.4788618087768555,0.8452854156494141,4.979415714740753,-0.34473150968551636,4.134130299091339,0.5005539059638977,True,True,False,False
PS,5149,1,34e909e5dd9b0813f9d837545695aeddfb70c3454433e43a89b8c5c64dbfebbb,-0.09648799896240234,0.539576530456543,0.1263713836669922,-0.31671714782714844,-0.4132051467895508,0.22285938262939453,True,True,False,False
PS,16709,0,552ab938570297e8b6efa50f1952aa1c2bf52bd42442fb572ef3529055dfb469,5.533244967460632,1.449091911315918,6.214320570230484,-0.7680163085460663,4.765228658914566,0.6810756027698517,True,True,False,False
PS,16709,1,27c2b99824d8351e6715f253f58d746cc508b22b710a0bb0b04f2ab4e41f76e4,3.1979187726974487,-0.22899961471557617,2.2237794399261475,-0.7451397180557251,2.4527790546417236,-0.9741393327713013,True,True,False,False
PS,17483,0,977637234e00457620cbde80f9941d175066af8fb289993dc32f1e3fd34e898f,1.4666414260864258,-1.0895509719848633,1.9536018371582031,1.5765113830566406,3.0431528091430664,0.48696041107177734,False,True,False,True
PS,17483,1,63a98ee066f32c226418cec3737ad55e4ad3337beba5132b8574302141475c33,5.2666677832603455,-1.719639778137207,5.732236444950104,2.1852084398269653,7.451876223087311,0.4655686616897583,False,True,False,True
PS,9090,0,c2474657fa701bf95c1cb2010f6c355dab39175444dcaf945a6d9858111305c3,6.472439765930176,9.948395220155362,9.94836555654183,-6.4724694295437075,-2.966361353173852e-05,3.4759257906116545,False,True,False,True
PS,9090,1,b132a01bbd1ff6c4ad79d62e7e2e98db8fc3e2b14292b402c4496846f290a243,2.861640214920044,6.348615817725658,6.38804542273283,-2.8222106099128723,0.03942960500717163,3.526405207812786,False,True,False,True
PS,4395,0,d2b43ad46187bd82fb641d10b3b3e080e7eeaf188ee0f0b0ecdff7b16f567140,-1.9705028533935547,-6.650046348571777,-0.9895238876342773,7.631025314331055,5.6605224609375,0.9809789657592773,False,True,False,True
PS,4395,1,0e665672c85625da15af4879bae84eca26e798d49366872f38812a388b8d960c,-1.6479473114013672,-2.148465156555176,-0.9179878234863281,2.878424644470215,1.2304773330688477,0.7299594879150391,True,True,False,False
PS,14590,0,f967b3899a2cbea1dbee0cc23a376efcb4adcf34a29dcf12abcbd1367be04969,6.060085251927376,3.0026283264160156,6.12775728199631,-2.9349562963470817,3.125128955580294,0.06767203006893396,True,True,False,False
PS,14590,1,493e57430f2d647088184e9fa5e15345ce52b59e45d2433f1cc5f89eedcae419,5.851889044046402,4.69598650932312,5.997349314391613,-4.550526238977909,1.301362805068493,0.14546027034521103,True,True,False,False
PS,7812,0,2ab6e107124d757f6548758f5076855d26befab21ce47b9b0c92074a0609bcf5,0.1816849708557129,4.029144152998924,3.741689920425415,-0.4691392034292221,-0.2874542325735092,3.560004949569702,False,True,False,True
PS,7812,1,979e7f086db87c1d2fe4b62853d31203022c981ef438ef3a94e2cab8b6c7f8f0,2.2184770107269287,4.786279549822211,4.573766142129898,-2.430990418419242,-0.2125134076923132,2.3552891314029694,False,True,False,True
PS,821,0,a856dea4de58a248bfdb4c7de8b223b780c30d4eeef82d14c1b1d183fb9bc9ec,5.785327911376953,10.204765319824219,6.38455057144165,-9.605542659759521,-3.8202147483825684,0.5992226600646973,False,True,False,True
PS,821,1,389c3a65ebf07b2d3c9c51a95fdc3a9f34fb8653abce38675114bc7a75498eef,5.448420524597168,7.448448657989502,6.456385612487793,-6.440483570098877,-0.992063045501709,1.007965087890625,False,True,False,True
PS,13931,0,c9353786d7c99d603e83c1a8c78bb0b062e6d5b5efef2575e943e79f8530f684,10.202554702758789,17.59079247713089,16.808743357658386,-10.984603822231293,-0.7820491194725037,6.606188654899597,False,True,False,True
PS,13931,1,fd1eae917c6f1e98bad67ce54aac67b84552a689d5cacc1a29b673b58078280b,12.229001522064209,17.868485398590565,17.854627780616283,-12.24285914003849,-0.013857617974281311,5.625626258552074,False,True,False,True
PS,11695,0,c2c9528713cceb2e1c0bde669970ef7078a7d37adf1260af972f0d5aee95daac,5.675295829772949,8.72381854057312,6.254653692245483,-8.144460678100586,-2.4691648483276367,0.5793578624725342,False,True,False,True
PS,11695,1,40842a6b3816f07f9eb8066e618bb5041d63cdefd40b6f51ace65f15edac9998,7.015615463256836,9.256649017333984,8.062281131744385,-8.209983348846436,-1.1943678855895996,1.0466656684875488,False,True,False,True
PS,9277,0,4baf5a3d768d5b094e4fa346d41633cccbcbe26e6c19d0f16d88f14341cbe9f0,4.673671305179596,4.862674355506897,5.008984237909317,-4.527361422777176,0.14630988240242004,0.33531293272972107,False,True,False,True
PS,9277,1,3c11db3bae131f5177b1cc5d4045db7509ec038e13c89eed2333d230f9dc1108,9.271297961473465,9.453780584037304,9.473714843392372,-9.251363702118397,0.019934259355068207,0.20241688191890717,False,True,False,True
PS,19560,0,7f2a114237098e2d2612b87417f1fbdb799cffe9a7c5870c14c3dc76afba7f57,11.933768510818481,13.375167444348335,13.2654839605093,-12.043451994657516,-0.10968348383903503,1.3317154496908188,False,True,False,True
PS,19560,1,627c06d8c296db0c5c57169cae4d6fe859d90b608162eafe7eccf96f5778ad4a,8.598536729812622,11.279997780919075,11.284406632184982,-8.594127878546715,0.004408851265907288,2.6858699023723602,False,True,False,True
PS,3,0,9bc6420ad27c1933e78420c9fc9c05bc06a378331bbdbb66ad539bf09e1a779e,3.099864959716797,5.1810173988342285,4.857197284698486,-3.423685073852539,-0.3238201141357422,1.7573323249816895,False,False,False,False
PS,3,1,3777c4d71ab4733bc678cf800d99856639ec6d968468dee0eb41ae81d4b9ace1,1.4397220611572266,0.39593982696533203,4.26039457321167,2.4247326850891113,3.864454746246338,2.8206725120544434,False,False,False,False
PS,18963,0,08fc31ce497a476642be27d59e7bc1a9c9b0edb53fef6dc0e414f09c51e2a459,7.22408390045166,8.693487644195557,10.652326352894306,-5.265245191752911,1.9588387086987495,3.428242452442646,False,True,False,True
PS,18963,1,8aa6d848f1c083065ed4e2454190b839923d2e616c1ad369dbcff30392365216,4.828819990158081,7.174837708473206,7.789171572774649,-4.214486125856638,0.6143338643014431,2.9603515826165676,False,True,False,True
PS,17689,0,2769f0a6e96fe4dd9c4c9b5c7976f6fd1b32e1117b4f4c1cf52d165c140a9a95,0.4351062774658203,-1.1733264923095703,0.7604026794433594,1.4986228942871094,1.9337291717529297,0.32529640197753906,True,True,False,False
PS,17689,1,af3eeb451040f625476528a62cbb2b6b8a8c80e7252145d043dfd23070fa0bb7,-0.2151961326599121,0.8509221971035004,0.4224711060523987,-0.21325495839118958,-0.4284510910511017,0.6376672387123108,True,True,False,False
PS,7702,0,ba31646cdcc140309c2a3b5493a2b20c5f1ab4a9dc006814d9c740055dcf2d95,3.582597255706787,8.813604811672121,8.812251364346594,-3.5839507030323148,-0.001353447325527668,5.2296541086398065,True,True,False,False
PS,7702,1,b7946218c672d35696c0bb23f84fb70fac30f80410badedcce0696ba843cd6d4,2.4290757179260254,7.458295866847038,7.4528787434101105,-2.434492841362953,-0.005417123436927795,5.023803025484085,True,True,False,False
PS,18857,0,5c6bb95915c813a717e2399d00f9a2aa2da7293c837ac7eede386af9d4b33858,4.057524919509888,3.735975503921509,5.436144709587097,-2.3573557138442993,1.7001692056655884,1.3786197900772095,False,True,False,True
PS,18857,1,7d24d1a316a7088dad7b2bcce1f096f555270d8058a38799e693cfe49bc67343,6.930320739746094,6.0886231660842896,7.252351298928261,-5.7665926069021225,1.1637281328439713,0.32203055918216705,False,True,False,True
PS,3236,0,bbad637e7152dbad7818e57497e1859270f0e28cb256b56b5bd321becab2a063,4.8781280517578125,4.387894630432129,11.795620918273926,2.5295982360839844,7.407726287841797,6.917492866516113,False,True,False,True
PS,3236,1,b1f95c3b46102ebc591480764b87e325d26d41c97f58de74dbd5b2296b58d06c,8.424196243286133,7.768754959106445,16.029107213020325,-0.16384398937225342,8.26035225391388,7.604910969734192,False,True,False,True
PS,5099,0,d252a8775568938ce01509bc03f0dcf9616b2cb651a1264d549b4674c64e3239,7.273624122142792,7.6899173855781555,7.438148081302643,-7.525393426418304,-0.2517693042755127,0.16452395915985107,True,True,False,False
PS,5099,1,2f99a064474f6e91cf99326444c7a111998228a9763a235887d34f5e8c23c3a1,10.337037205696106,10.290821194648743,10.847541594877839,-9.78031680546701,0.5567204002290964,0.5105043891817331,True,True,False,False
PS,10315,0,a981b3bbb9742ed442c2e3fcefc2ef84ac60389424b2f479376eafd439631a69,0.2083568572998047,1.6136054992675781,1.7083649635314941,-0.11359739303588867,0.09475946426391602,1.5000081062316895,False,False,False,False
PS,10315,1,3920148e16e414e312d4c901b8aca81f9f55782e0c8c98028bf70c47f0890971,3.0236854553222656,13.702166318893433,15.192170806229115,-1.5336809679865837,1.490004487335682,12.168485350906849,False,True,False,True
PS,10098,0,b2bdbb8f2209b2ab6e21d280ac98592e54d5af1faa15a4f643cca268f061c211,8.961905419826508,1.704376220703125,9.528140902519226,-1.1381407380104065,7.823764681816101,0.5662354826927185,False,True,False,True
PS,10098,1,cde0983131e7e1e96c0841ccd10615dd26cd7de1ddbb914860c47167659774ea,10.358361601829529,0.1815776824951172,11.51504849921912,0.9751092148944736,11.333470816724002,1.1566868973895907,False,True,False,True
PS,5617,0,c771c0640a9104985724c4f189ba255dab624012db10b7a5e0b9b06fb8b3487d,2.257242128252983,1.9650575518608093,2.3013605615124106,-1.9209391186013818,0.3363030096516013,0.04411843325942755,False,True,False,True
PS,5617,1,318abff0c567dbf58b338ed1bcfadc13883f45500ea5816cffafee0f01d85bb4,1.6357556320726871,1.0667468309402466,1.674959795549512,-1.0275426674634218,0.6082129646092653,0.03920416347682476,False,True,False,True
PS,17308,0,9a9a998dfc090d0ffaa1bdaa67a9c83c1e20d82c0986e78ea21e39662f81ea58,5.6488600969314575,3.7324795722961426,6.620144844055176,-2.7611948251724243,2.887665271759033,0.9712847471237183,False,True,False,True
PS,17308,1,0972d8a9a560b359a6e0731640130c0dbf1ada86506314a9cca08c543fd01f2b,5.229658603668213,5.768531084060669,7.354706346988678,-3.643483340740204,1.586175262928009,2.125047743320465,False,True,False,True
PS,16643,0,bebd88b30876e9600452d392d7d9aa2bb42fe1f28aeb44efe08104e565ef47e5,6.9222118854522705,-0.3215312957763672,6.514644622802734,-0.08603596687316895,6.836175918579102,-0.40756726264953613,False,True,False,True
PS,16643,1,1eb5ef5805b49d5339ab8fee216e37f6378e9c94123e06d14ac687a4425762de,1.8344817161560059,-1.7397236824035645,4.655943065881729,4.561185032129288,6.395666748285294,2.8214613497257233,False,True,False,True
PS,11354,0,3a7de4c49549c71925caf3ae5943c0eb6b23c2bdbba702e87b346aa65e0fe9dc,0.9200439453125,2.7566099166870117,0.6717462539672852,-3.0049076080322266,-2.0848636627197266,-0.24829769134521484,False,True,False,True
PS,11354,1,d1ee502cfc29a4dab2548fc6f6d466b7fc46b64561df2ada578a442043b851a4,1.7376289367675781,2.4616994857788086,4.235631942749023,0.03630352020263672,1.7739324569702148,2.4980030059814453,False,True,False,True
PS,14683,0,460c04b40d9c5865c68f4192977fcecc5ce263abcaf7ffcb00fedf076e3cfb04,13.120519757270813,10.881053924560547,13.011866092681885,-10.989707589149475,2.130812168121338,-0.10865366458892822,False,True,False,True
PS,14683,1,c2fdb8a4f300f943c92e68a1be0c068f17b5fa605623b98c8408a4a0853cb781,7.293488502502441,5.63507080078125,7.3611273765563965,-5.567431926727295,1.7260565757751465,0.06763887405395508,False,True,False,True
PS,11156,0,ea677336e739f705c09af5094c78d6cdb7026993267d46ea67964ae8547f6b1a,6.449387550354004,3.6322431564331055,5.927583694458008,-4.154047012329102,2.2953405380249023,-0.5218038558959961,False,True,False,True
PS,11156,1,08ddea2fbc381b4e154de2be41f7b4dddbf1a754a5ceb5f5611f8e9b025c9667,9.42127776145935,0.7284402847290039,11.845856383442879,1.6961383372545242,11.117416098713875,2.424578621983528,False,True,False,True
PS,6225,0,5f491e906fa2c2cb592be3cdccdc68eb23a65450164c69859dce437e4e20a14e,3.660250186920166,-1.1517581939697266,2.8677854537963867,0.35929346084594727,4.019543647766113,-0.7924647331237793,False,False,False,False
PS,6225,1,777da6e50fc48b39647e47f61b6f3d7a3758ccb760cb88479028f2ed27719a7d,-0.20727252960205078,-1.9168901443481445,2.350160598754883,4.474323272705078,4.267050743103027,2.5574331283569336,False,False,False,False
PS,18311,0,bf43c8775e372f9e2154f29ce39a699ff1980537d29e1a1dba90a5c84649244c,3.063321590423584,6.692109912633896,4.890981674194336,-4.864449828863144,-1.80112823843956,1.827660083770752,False,True,False,True
PS,18311,1,b9a45b51280e7a14de1a7ffda0c489119d2bfe7a4911551302c104a0d82b3cef,2.2455811500549316,6.143048644065857,3.7506704330444336,-4.637959361076355,-2.3923782110214233,1.505089282989502,False,True,False,True
PS,2827,0,5bcff671cbb45ef355b9c0b483bc43354511486fb09e00e6d7e75b7b1f5291f7,3.410330295562744,3.838515281677246,2.766289234161377,-4.482556343078613,-1.0722260475158691,-0.6440410614013672,False,True,False,True
PS,2827,1,f75a9bdda23207a0a48929445d63294466dbd19ee03b58fa30b4b6917ac7bdc3,-0.12334442138671875,0.3617115020751953,-0.6006488800048828,-0.8390159606933594,-0.9623603820800781,-0.47730445861816406,False,False,False,False
PS,13137,0,0f8e35cae21b9319e05dfc2fc123b3694b8420a798370ca892967a8c345cb4b5,4.542798042297363,5.378147602081299,5.230707168579102,-4.6902384757995605,-0.14744043350219727,0.6879091262817383,False,True,False,True
PS,13137,1,5762982b857d488cf8916b98f9487a266751b3ecd679ce7f9fd988aa50502f3c,10.751823663711548,12.38814327120781,11.812161684036255,-11.327805250883102,-0.5759815871715546,1.060338020324707,False,True,False,True
PS,17628,0,c9b58c5b61bb1ba0983c9c87e7549f96175e3c2b88d95d7ceba49d7182fe0f0f,3.2957468032836914,-2.9806394577026367,10.234158992767334,9.91905164718628,13.21479845046997,6.938412189483643,True,True,False,False
PS,17628,1,d048ca3fbe0e57e93f0838696e0b11008b7c9bb5fcedda54e709f295048b4b84,0.48489856719970703,-1.0914831161499023,3.8063127994537354,4.412897348403931,4.897795915603638,3.3214142322540283,False,True,False,True
PS,6125,0,855d085d424a0616954b06bbf6897338644c18b1b3d1507110e7d818e642c7fe,4.148596286773682,1.282752513885498,5.365155458450317,-0.0661933422088623,4.082402944564819,1.2165591716766357,True,True,False,False
PS,6125,1,c07c70c22177d280651e90a81e65c40f5929166eeec1e5fabaa5acf2e9651b81,4.837414890527725,-1.511216163635254,3.6042784452438354,0.27807971835136414,5.115494608879089,-1.2331364452838898,True,True,False,False
PS,17930,0,e94e2fe92b1a887fa1e729ab264984c6631f9822da18ac56dd964a68082ba447,4.05525016784668,3.6736273765563965,7.943065285682678,0.21418774127960205,4.269437909126282,3.8878151178359985,False,True,False,True
PS,17930,1,cb55a93f84a237d6772383692b8c110ad94375c6aca7ace0e3a9237be466ea26,3.6102166175842285,-0.13163137435913086,6.0368333756923676,2.55824813246727,6.168464750051498,2.426616758108139,False,True,False,True
PS,19191,0,edc2d7dcc3515a36aa5b1ce73bc1044903ae4e6881d232808b5a84749776df66,7.840532898902893,5.346980810165405,8.11694160103798,-5.070572108030319,2.769960790872574,0.27640870213508606,False,True,False,True
PS,19191,1,4211e43ad9ede873a6d891409053a7f4a6f2e597126b78209c50b992139fab13,8.789005547761917,6.496703624725342,8.936290666460991,-6.349418506026268,2.439587041735649,0.1472851186990738,False,True,False,True
PS,8223,0,800d1427a8cf9f04d3733bd60ca86325b6a2e904c4d889ce6475debd1e7efea7,3.491822272539139,-5.035915851593018,3.019142508506775,4.563236087560654,8.055058360099792,-0.4726797640323639,False,True,False,True
PS,8223,1,f82a935c871859a3f3703d1c32d34ba25a5afdd50194305755359f9a8cd10c0a,0.21739673614501953,-1.3907289505004883,0.3069009780883789,1.4802331924438477,1.6976299285888672,0.08950424194335938,True,True,False,False
PS,9627,0,10d92e0917258b59b989e2f01cd90ae1e955782e7836b0da9c4d3aac7be76a6f,0.11588478088378906,2.306905746459961,10.512919506058097,8.090128978714347,8.206013759598136,10.397034725174308,False,True,False,True
PS,9627,1,9c248114cc50916c3c207302e011a22262064557a4a62a28ae1062782a9b8e9c,3.3359718322753906,-0.6903963088989258,11.677062985021621,9.031487461645156,12.367459293920547,8.34109115274623,False,True,False,True
PS,10783,0,f28b24da17831b8e4ab84c7360bbaa49cebf5129fd2f1084549967f05e216ba4,3.8098697662353516,7.500514984130859,7.044035911560059,-4.266348838806152,-0.4564790725708008,3.234166145324707,False,True,False,True
PS,10783,1,327359eef3450940da92e594ae9c27643f2e3d94bfff4f3db086f770f9e653c0,4.443836212158203,7.027480602264404,7.896355152130127,-3.5749616622924805,0.8688745498657227,3.452518939971924,False,True,False,True
PS,21630,0,67cac660edc5634de64049f152952c3868c95ff5a65bc307c8f5d5be7c503bec,9.791215896606445,8.5125150680542,10.53811126947403,-7.765619695186615,2.0255962014198303,0.7468953728675842,False,True,False,True
PS,21630,1,34f5f391e956835bd1f60bea48545c4ef777fcc1a79b35620ab1d875dc27f06d,10.32106727361679,10.991383984684944,11.014403834939003,-10.298047423362732,0.023019850254058838,0.6933365613222122,False,True,False,True
PS,3485,0,fb1c1c5c51bd036a25702c392b2cd32818691115fa3dda55319c6d25ff0ba0b1,10.738622084259987,9.775888919830322,10.860054217278957,-9.654456786811352,1.084165297448635,0.12143213301897049,False,True,False,True
PS,3485,1,30d5ab940a82afe1810a06efd1414c0d92b7b0a37330e5ef6e3f1a121a735f6f,6.519716739654541,5.047678470611572,8.238203704357147,-3.329191505908966,3.190525233745575,1.7184869647026062,False,True,False,True
PS,1684,0,281d8386a95efbee574a8307a5b51028da908e48d8403bcd7a2a7b6e8468eb21,3.8464837074279785,-1.0116949081420898,5.05909538269043,2.224306583404541,6.0707902908325195,1.2126116752624512,False,True,False,True
PS,1684,1,f1220846df95296c769ce6dfd25a3832300267eb68639722f711932caf516d84,4.812198162078857,-2.5986328125,4.680616855621338,2.4670515060424805,7.279249668121338,-0.13158130645751953,False,False,False,False
PS,7580,0,e7efa4d21c139194d2a27194906fb753712b12a5df589acc102dae2ff9952452,3.9987549781799316,5.854079246520996,8.521991729736328,-1.3308424949645996,2.667912483215332,4.5232367515563965,False,True,False,True
PS,7580,1,e44be91f5e665bc4c70351749837b410aa675d9fb0135451fe09869f164a1920,5.623960733413696,8.546286335214972,8.546183178201318,-5.624063890427351,-0.00010315701365470886,2.9222224447876215,True,True,False,False
PS,12727,0,358e083ce92aa271600663411799b6fc1c3ed9754d0c2e18f84c399b287c2056,8.20235413312912,0.2656440734863281,8.527401894330978,0.059403687715530396,8.26175782084465,0.3250477612018585,True,True,False,False
PS,12727,1,4d6007b6895d42f097c238e42a4f5c0fc39b911f32339d6627ca19a8cd2a152e,10.238895952701569,0.38524627685546875,10.642585709691048,0.018443480134010315,10.257339432835579,0.40368975698947906,True,True,False,False
PS,8776,0,abc102f4d47cc8930ff8f44085aa67e6d0458db7e0d8b0ac16f5026750fdd879,2.759082078933716,0.15770745277404785,2.62156343460083,-0.2952260971069336,2.4638559818267822,-0.13751864433288574,True,True,False,False
PS,8776,1,3c19cb23843772bca3685c74e93f636cab162395b1c95814100a3a137a34d449,3.183497130870819,-5.663689136505127,3.2314942963421345,5.711686301976442,8.895183432847261,0.047997165471315384,False,True,False,True
PS,8823,0,dc80c424ab6162607c5f5681a1ee631199e4d8463c4dcad33d35f2e97f278bb9,3.146988868713379,2.4357857704162598,3.718395233154297,-1.8643794059753418,1.282609462738037,0.571406364440918,False,False,False,False
PS,8823,1,4b992f04fb675df6e4b6315272a0d5a1172b240732a8df2c51518fa0365111e1,0.9392256736755371,3.2353627681732178,3.5640711784362793,-0.6105172634124756,0.3287084102630615,2.624845504760742,False,False,False,False
PS,5771,0,d523d5bd63f1024b85803c861cb6c0c8dee89e79d81b6b614f9a1e529a10ce6a,9.701804161071777,9.520349025726318,11.313870906829834,-7.908282279968262,1.7935218811035156,1.6120667457580566,True,True,False,False
PS,5771,1,0a0f874936c08945f6301f54e247c654f43eca5ff84e17497534efc32d2286d3,4.366478204727173,6.5772375063970685,6.585981684271246,-4.357734026852995,0.008744177874177694,2.2195034795440733,True,True,False,False
PS,18565,0,7e74ad397afa0f0e2c9e509271fe12e7eb16afcf76b204fc3f3d20583dbace96,0.8996754884719849,-3.380123257637024,1.0830588340759277,3.563506603240967,4.463182091712952,0.18338334560394287,True,True,False,False
PS,18565,1,c1d0649234b24cb588507ece72b4da7da2d74d271543e0147ca0277ee402d1fe,0.1674070581793785,-5.0877964198589325,0.21135003119707108,5.131739392876625,5.299146451056004,0.043942973017692566,True,True,False,False
PS,7329,0,9565590b46d878b57693b6be956f78d72596fe4293c230bba7ea1ebc7fa3036e,-0.03415215015411377,-2.1414722204208374,0.14504694938659668,2.320671319961548,2.286519169807434,0.17919909954071045,True,True,False,False
PS,7329,1,b333d6664b5a7f3bec6ff950c939cca916bed299d421b7076d5f0c53bd9d3ef3,3.1558306217193604,1.732527256011963,3.7140841484069824,-1.1742737293243408,1.9815568923950195,0.5582535266876221,True,True,False,False
PS,8098,0,bc06524e01477423d62c6676246e21d37cde6763054e64ffcc4f6422e5dc6a3a,3.5263030529022217,4.804248094558716,4.99980428814888,-3.3307468593120575,0.19555619359016418,1.4735012352466583,True,True,False,False
PS,8098,1,73b1b37b3684b16bf6bd57b999f4e4459dd0269f3627b13215d529fe68b1714d,4.108799934387207,1.7321419715881348,5.217594802379608,-0.6233471035957336,3.4854528307914734,1.1087948679924011,True,True,False,False
PS,14557,0,5c6efc55a8c2eb4dc06ad02269dd3d1a59070690d96af058892adabf3feb41a3,3.5819554328918457,4.26167106628418,2.281248092651367,-5.562378406524658,-1.9804229736328125,-1.3007073402404785,False,True,False,True
PS,14557,1,99c0d394bf0317375c54a90f32708d1a06fceba5734f9b133ee6d2e7e46f0311,4.257503509521484,3.596548080444336,5.842395305633545,-2.0116562843322754,2.245847225189209,1.5848917961120605,False,True,False,True
PS,16758,0,2cc78a6e20a0b58bd234395f409d1f4dbec5b33056fa7a273fb381e19c2d1b28,7.132748834788799,-5.029272556304932,7.20501958206296,5.101543303579092,12.234292138367891,0.07227074727416039,False,True,False,True
PS,16758,1,f16d056f255ddfb55ce80c7281125b97f89015e32249b2d864180cc19d3b4716,8.33428168296814,-3.8927183151245117,8.444505244493484,4.002941876649857,12.337223559617996,0.11022356152534485,False,True,False,True
PS,14438,0,64582272a8014e1bfbd59d0ea7bc39ea6176c39d3d33f3fd7c37be5cfe227176,2.3186838626861572,-0.5215344429016113,3.1381222009658813,1.3409727811813354,3.6596566438674927,0.8194383382797241,True,True,False,False
PS,14438,1,25bf3dad4cb5efab81f3162922d277ac4e1f8c03803acefcc28d996d5b67947a,4.986391365528107,1.0061912536621094,4.7862385511398315,-1.2063440680503845,3.780047297477722,-0.20015281438827515,True,True,False,False
PS,3161,0,57abf3489da8e1609400adffb4ac3aaf6e1ae9b87e4eacafd1c859956c6a184a,3.199797749519348,4.623190341517329,4.627919861115515,-3.195068229921162,0.004729519598186016,1.428122111596167,True,True,False,False
PS,3161,1,693aab5d3122baacbd08149890b80a966092a4b912c5300edec2d02a458a3b0a,3.5558767318725586,3.9007877558469772,3.9605627357959747,-3.496101751923561,0.0597749799489975,0.40468600392341614,True,True,False,False
PS,4180,0,d043030eb1b4ac4c08c4a9c64049e277cf63dc24ed94e54ade733c5e20fbbb92,8.759567737579346,3.2069597244262695,11.238596523180604,-0.7279309388250113,8.031636798754334,2.4790287856012583,False,True,False,True
PS,4180,1,17dbc8969fe0c5f3f015e917b6f58c39bd7f7b42b4f57bf153edcca3b4170145,10.250925302505493,2.6530723571777344,12.666111748665571,-0.23788591101765633,10.013039391487837,2.415186446160078,False,True,False,True
PS,7171,0,12785df9050d9505ab8282f911f4d037781d5e0b3950ea4bdd9d0f5b124eea3f,4.103202939033508,0.6825556755065918,4.49510832130909,-0.29065029323101044,3.812552645802498,0.39190538227558136,True,True,False,False
PS,7171,1,37f068ad09060ff2bb6297428987107cf2243e23747becae44c6a3b448077957,1.866594910621643,2.123203992843628,2.2519091963768005,-1.7378897070884705,0.1287052035331726,0.38531428575515747,False,True,False,True
PS,17435,0,4cae585cfe6e8af891d7fe7145fba55f840dc2268f3dd970073b9ae4739511b7,6.986208617687225,3.175412178039551,7.7744196355342865,-2.3872011601924896,4.599007457494736,0.7882110178470612,False,True,False,True
PS,17435,1,3d3001e9179a4fa7a8b1887e2688891a82a49c0bc466816363e161ebeed39ad1,7.748286247253418,2.6205406188964844,8.12427282333374,-2.244554042816162,5.503732204437256,0.37598657608032227,False,True,False,True
PS,6391,0,7428b35b524f4829d8f2d99fca5b9b489ec73f644a29d96246b86c2e35dcfe61,7.431740388274193,-2.4804325103759766,7.486304998397827,2.534997120499611,9.966737508773804,0.05456461012363434,True,True,False,False
PS,6391,1,79bbd50d6df9821dbaaa46861223eb8d1eef562053a05f7931f95e350ba19d11,6.780165821313858,-2.7924647331237793,6.662775963544846,2.675074875354767,9.455240696668625,-0.11738985776901245,True,True,False,False
PS,17787,0,87a734b0f61e6d467c071543a50e030cb4c5d87ce4e7039d5df498d4a9a9b24b,2.534238636493683,-2.2429404258728027,2.2743090391159058,1.9830108284950256,4.5172494649887085,-0.2599295973777771,False,True,False,True
PS,17787,1,26eb02166a2ec74cf7be784761fb78e5e87be0f6fbb97bc5a39962c9744aee05,3.346464166417718,-1.8412985801696777,3.3643847429193556,1.8592191566713154,5.205683323089033,0.017920576501637697,False,True,False,True
PS,10515,0,2389d3c05314e359d96bfd98777363981b0bdb4bd4f0b25502173e618db14196,6.121583461761475,-0.8216648101806641,7.64581760764122,2.3458989560604095,8.467482417821884,1.5242341458797455,False,True,False,True
PS,10515,1,6a5bff321cb7867c96ee756de2f5bad288b2592b6af41fa53ec812261cea724c,4.0681962966918945,1.2429442405700684,4.923316240310669,-0.38782429695129395,3.6803719997406006,0.8551199436187744,False,True,False,True
PS,11748,0,7aa547f72cf73746cf33a5033f139571c98371d9cf265fa6307b2eec05cd3769,6.705128192901611,6.487187385559082,11.347516059875488,-1.844799518585205,4.860328674316406,4.642387866973877,False,True,False,True
PS,11748,1,c1a760b4f46316ff8204bc81ea6dbd4ef5d467a968f0220ea573c3209446ac4a,7.093836784362793,6.529260158538818,10.453497886657715,-3.1695990562438965,3.9242377281188965,3.359661102294922,False,True,False,True
PS,17389,0,9e0b3d3cbf5bc89541fe4a29d5ba44f7361dc5eac0af5949473bcefd99312af6,6.708947658538818,4.046623706817627,8.408074140548706,-2.3474972248077393,4.361450433731079,1.6991264820098877,False,True,False,True
PS,17389,1,204db0776333ba6c475436e57621658fdf6b149cf08c352ea5f94d7026bec697,3.505631446838379,-0.7623262405395508,5.478522300720215,2.7352170944213867,6.240848541259766,1.972890853881836,False,True,False,True
PS,10070,0,b257299b6ae236459c63ae4ccf2f4b279cefe3e424203148f019df9b41daa2fc,0.9332642555236816,0.2220979928970337,1.2508877515792847,0.09552550315856934,1.028789758682251,0.317623496055603,True,True,False,False
PS,10070,1,3a3cbfd44fa2b159903350cfa7adad04923d70788754c7be1bd322f368dfc03d,4.180432319641113,1.0170745849609375,6.272507905960083,1.0750010013580322,5.2554333209991455,2.0920755863189697,True,True,False,False
PS,4792,0,64f3c5e2edf89bc81ac47ec9dd29d9e3ec6e24ee0d30571589d467092178c436,3.980360984802246,5.530129432678223,5.226126194000244,-4.284364223480225,-0.3040032386779785,1.245765209197998,False,True,False,True
PS,4792,1,4c9cc2d5a45412d17eafe2b3389c831419aea8edbe9fd888db1ac27c64c2f0b1,4.463559150695801,1.5406737327575684,4.987295627593994,-1.016937255859375,3.446621894836426,0.5237364768981934,False,True,False,True
PS,13386,0,b22a2f304cf8bc2a38f874d18eb7b2d3440cf201b073f76922635ab7f9893373,2.025676727294922,-0.38152313232421875,5.034430027008057,3.3902764320373535,5.415953159332275,3.0087532997131348,False,False,False,False
PS,13386,1,17d32907637303aa07b48d3b730fdefb002e01c821e81dde4b52f207e2b939d6,4.824936389923096,-1.0369277000427246,7.7955127358436584,4.007504045963287,8.832440435886383,2.9705763459205627,False,True,False,True
PS,11178,0,e092440930fc130132ca976b0c139249d65b7406822616f76c92ac94b554727d,-0.3508281707763672,-0.18729305267333984,-0.3086862564086914,0.22943496704101562,-0.12139320373535156,0.04214191436767578,False,True,False,True
PS,11178,1,123e992fec4fea8d4d2c6b2c5225b66f7cf4c8992db87dbbc6d5e8c3562b01c1,0.6100711822509766,-3.1204776763916016,-1.8720664978027344,0.6383399963378906,1.2484111785888672,-2.482137680053711,True,True,False,False
PS,20771,0,2c505e550a2a52664682548b1e869d35e8591da990e3e90a0b60ec596b28f12b,-5.144832134246826,-1.596020221710205,-4.459636211395264,2.2812161445617676,-2.8636159896850586,0.6851959228515625,False,True,False,True
PS,20771,1,7c1f0e72fd71dbefb7ef30e82db982024f42a96a936982a64122de437e59bcb9,3.7331180572509766,4.2540974617004395,4.581397533416748,-3.405817985534668,0.3273000717163086,0.8482794761657715,False,True,False,True
PS,21299,0,598a039fd944eecff9f7368ce27886b6145696c7745f79508588f69f8a4cb184,7.16353702545166,13.319331526756287,13.41770851612091,-7.065160036087036,0.09837698936462402,6.2541714906692505,False,True,False,True
PS,21299,1,caab8aaf5b53defac76c2782d3e1f55bd5d4f6066a90beff8da1747833fc70b3,7.574677467346191,13.413960456848145,15.260419607162476,-5.72821831703186,1.846459150314331,7.685742139816284,False,True,False,True
PS,2908,0,1aff08a7bca6314fbc43a3f25e551c425a23df3fb372f51a36e36ed51586b7fc,7.591754674911499,7.671081185340881,7.060454368591309,-8.202381491661072,-0.6106268167495728,-0.5313003063201904,False,True,False,True
PS,2908,1,a9c60367c67c81d47a85076f319f3014cbb4b34a93647c1d12edddd28e3ab9d8,6.216031275689602,6.099487811326981,6.226875983178616,-6.088643103837967,0.12738817185163498,0.010844707489013672,False,True,False,True
PS,17068,0,4528b60b20e538aa6fb778a9a54e8eba26756cd7b2db0ba93f3f91ee58aeee2b,-0.2038102149963379,0.4595808982849121,0.9729623794555664,0.7171916961669922,0.5133814811706543,1.1767725944519043,False,False,False,False
PS,17068,1,62f12b9a2a80ce29823ec4a82b8f40d122c0a7a8f1d4debf781223d826d3f015,-1.219940185546875,0.3898656368255615,-0.8821265697479248,-0.05205202102661133,-1.2719922065734863,0.3378136157989502,True,True,False,False
PS,12230,0,c0f55ec3954872123b4d2064cb855a721cba42aef56cd1839899b287c5cad03a,9.271170139312744,1.9977645874023438,9.704674124717712,-1.5642606019973755,7.706909537315369,0.43350398540496826,False,True,False,True
PS,12230,1,daf35b66f09652abc2dc00617298ac9ba9c8acc72c6afdf4815459a0590f3a8d,5.729861259460449,0.21840381622314453,6.426944255828857,0.47867918014526367,6.208540439605713,0.6970829963684082,False,True,False,True
PS,19068,0,d5234a820060015410b7210ccbba47245e31002b431a60c5ebac41a05ec7ec23,7.433674335479736,8.069021224975586,6.59370756149292,-8.908987998962402,-1.475313663482666,-0.8399667739868164,True,True,False,False
PS,19068,1,9b36cf315ebe2f9e7885e3646b6948018ade0269889843c7852052ba35b122bf,2.9670090675354004,3.7430901527404785,3.220682144165039,-3.48941707611084,-0.5224080085754395,0.25367307662963867,True,True,False,False
PS,16823,0,6f902cfe993940dd1e8ce1a6e2e5a452843fc2ecb72570f9a9f6fe5ccbc57fed,8.499403476715088,11.377896070480347,11.142025738954544,-8.73527380824089,-0.2358703315258026,2.642622262239456,False,True,False,True
PS,16823,1,45cad3c0b93557d7dc861af5aaa416f671bf3494f07298737a1f63b7c4566093,10.724861145019531,13.642581529915333,13.060117959976196,-11.307324714958668,-0.5824635699391365,2.335256814956665,False,True,False,True
PS,2515,0,3a84efd31a846e3858128ed1e483e9d4f777394f0d48c25b2fb0e48ec655fe67,5.819441795349121,0.17687129974365234,6.969236850738525,0.972923755645752,6.792365550994873,1.1497950553894043,False,True,False,True
PS,2515,1,e0ca7302406520eb66286060c17f0681305f7f3927712da6e1fcb01a9f4a3c8a,6.867713212966919,-0.2986335754394531,6.510433912277222,-0.05864572525024414,6.809067487716675,-0.35727930068969727,False,True,False,True
PS,1057,0,47a276b2aa77cad6f40913faab7e6a7896f81bae2bc2072acfb50c1adcd0e41c,9.308352440595627,-5.199702262878418,9.330778390169144,5.222128212451935,14.530480653047562,0.022425949573516846,False,True,False,True
PS,1057,1,8faab5eaee80def943c2fa38321dc9f631b1752250861ca4ed254ed30e6e9d57,9.41746774315834,-5.093398094177246,9.428364449646324,5.10429480066523,14.52176254382357,0.010896706487983465,False,True,False,True
PS,13170,0,997506c45c1debf0cbed1c4f5307b69e0b5228000f2cdc6e2d6082b9e8f97433,3.2901344299316406,3.693243980407715,4.410470008850098,-2.572908401489258,0.7172260284423828,1.120335578918457,False,True,False,True
PS,13170,1,e4c8e71d1c173a1570577038e7f7e4f6949327e5fcd7a1d82f4201bfc7141eb6,2.0107477083802223,1.0264182090759277,1.979305937886238,-1.057859979569912,0.9528877288103104,-0.03144177049398422,False,True,False,True
PS,20011,0,f68da68ed770bfaba7e887b58f8f66468b886c1e7d1c9afe38810523c7c10087,5.57450544834137,-1.2389535903930664,5.862595856189728,1.5270439982414246,7.101549446582794,0.28809040784835815,False,True,False,True
PS,20011,1,54ed3aca75e929cb8dc5bfea04490930437ea0fab3dcdcf717d4e54bb3da8810,4.138658165931702,-3.587226390838623,3.980333685874939,3.4289019107818604,7.567560076713562,-0.1583244800567627,False,True,False,True
PS,4087,0,73c35b99b7c1f0c1f4932b0c676697b72336b0dc9c150509086b2b1559c8dc91,8.837668418884277,3.4661312103271484,11.582903482019901,-0.7208961471915245,8.116772271692753,2.745235063135624,False,True,False,True
PS,4087,1,bd9f29ae62d71a330af5488bd08cfb38bada4d5fe9ff9065ad3e1d2b61d89ee8,7.534139633178711,11.741959892213345,11.703269846737385,-7.572829678654671,-0.03869004547595978,4.169130213558674,False,True,False,True
PS,6438,0,fdeeb7c0c303e5667f85bf3513fae112c6ba27b2866d7ddf5aa88565595c8381,5.20200777053833,8.214568376541138,6.418532609939575,-6.998043537139893,-1.7960357666015625,1.2165248394012451,False,True,False,True
PS,6438,1,12f262c5054d88e5dac2da0bec04826cfadce933501b23870cea0b2b00a5a8ac,9.28522253036499,8.699592590332031,9.909997820854187,-8.074817299842834,1.2104052305221558,0.6247752904891968,False,True,False,True
PS,8334,0,9d6364632258c91d450f2b2ace6a33be50e3683482802f2a0b2797be9b459e87,10.16786476969719,10.341423355042934,10.303501479327679,-10.205786645412445,-0.03792187571525574,0.13563670963048935,False,True,False,True
PS,8334,1,3f7208cf89420c84b35c233f12818a4a54fd3f9ee30eba6dd172ca869e5fae68,12.911501310765743,12.928884860128164,12.944062750786543,-12.896323420107365,0.015177890658378601,0.03256144002079964,False,True,False,True
PS,20902,0,d565eb5c989193a5d99ccb36d1c25a55f2d49721429e93cceb209d3d184f350c,6.692298889160156,8.388999342918396,6.201087474822998,-8.880210757255554,-2.187911868095398,-0.4912114143371582,False,True,False,True
PS,20902,1,4b714b47bde0d772c79ea2384fa5dd0dbafd5e6dadf488c90276681c655705d7,4.312242031097412,5.198224067687988,4.727540016174316,-4.782926082611084,-0.4706840515136719,0.4152979850769043,False,True,False,True
PS,5429,0,fcf6d73d499b460191929ae840521618cff8bf62f39d5e6bca502abe328b6e59,6.701846122741699,6.7994444668293,6.801291197538376,-6.699999392032623,0.0018467307090759277,0.09944507479667664,False,True,False,True
PS,5429,1,ce32c3510a858eb34e68ade23f30f91969b4e626065fe19424501730070ee512,3.521332263946533,4.384392261505127,3.9153876304626465,-3.9903368949890137,-0.46900463104248047,0.3940553665161133,True,True,False,False
PS,18611,0,e02305d3102bec80ccc342bb000d131a503af27e9599ee73bb184f06ac58917f,2.075678825378418,0.42603397369384766,5.076388342306018,2.5746755432337523,4.65035436861217,3.0007095169276,True,True,False,False
PS,18611,1,c7a5b2f1ee85e92952bd11ebc0957299b713bd7fc81033a1091c9d19d073391e,3.4142355918884277,-1.7591490745544434,4.580054901540279,2.924968384206295,6.339203976094723,1.1658193096518517,True,True,False,False
PS,17754,0,83258f13de3eab1c671d6874c792b002d440584fcc8a8dee2724bb40b35ce6d9,10.418320178985596,12.61375659541227,12.60602777916938,-10.426048995228484,-0.00772881624288857,2.187707600183785,False,True,False,True
PS,17754,1,07f2d04bc26ab7b0cecd693e31acbd341bd592d407712bebeaf901ddac3d6532,2.2990198135375977,4.575924873352051,8.483592629432678,1.6086479425430298,3.9076677560806274,6.184572815895081,False,True,False,True
PS,17680,0,2da046ceef86e6d23679b9d326c2a683885496c83e729672f3c13a47111c06d1,1.1862335205078125,-0.32887887954711914,3.124685764312744,2.267331123352051,3.4535646438598633,1.9384522438049316,True,True,False,False
PS,17680,1,8ccfafe010dea9e73794fb87b40d6517f34f23166df829229c4a247f064fd06f,1.2570754289627075,0.3947288990020752,2.0242762565612793,0.3724719285964966,1.629547357559204,0.7672008275985718,True,True,False,False
PS,850,0,8cfa8a93443bd8094e291b56da4280a83ba1a3f6e16c30b655d46f9c46d60b80,6.54308819770813,8.794005513191223,8.973891235888004,-6.363202475011349,0.17988572269678116,2.4308030381798744,True,True,False,False
PS,850,1,280626332b87f208fa1aff60b55de497732c011e1a25ae954fb26e4ea6e5245f,7.797051310539246,8.886240296065807,7.9375293254852295,-8.745762281119823,-0.9487109705805779,0.1404780149459839,True,True,False,False
PS,5147,0,8fbf83d72f4b9c67917262ae587557d073f6dc47083ba0cb5480ef9d27834b8a,2.1010141372680664,1.1542739868164062,2.4133453369140625,-0.8419427871704102,1.2590713500976562,0.3123311996459961,True,True,False,False
PS,5147,1,e0c5a20ffca866e3d58eb96303b5c35452d993d857684a8ef0705dc72c06a5e2,2.9522852897644043,0.07918024063110352,3.077012300491333,0.045546770095825195,2.9978320598602295,0.12472701072692871,True,True,False,False
PS,15860,0,0296551cc55878c6deda58d91757c03c4a5d5e13fe63e96806889386b2a39846,7.851239621639252,0.9338645935058594,7.921095132827759,-0.8640090823173523,6.987230539321899,0.06985551118850708,False,True,False,True
PS,15860,1,af7dad493f378de88d308e32ef574b4b4b338565b2d0de288dfed4fe083243a7,8.690382063388824,0.7565269470214844,8.730622410774231,-0.7162865996360779,7.974095463752747,0.040240347385406494,False,True,False,True
PS,2475,0,bb828dd1382472ae4c93fa713fdd6fae63d812b74fc0ab7cd0963bfc7b12e45c,13.738965034484863,14.192820310592651,14.961317777633667,-12.970467567443848,0.7684974670410156,1.2223527431488037,False,True,False,True
PS,2475,1,f889dbe3ff29ecc89e9d4497a17637f632da3cc68b5897db5e409d136821ddcf,10.944393634796143,13.759896587580442,13.511494100093842,-11.192796122282743,-0.24840248748660088,2.567100465297699,False,True,False,True
PS,1740,0,a062a6d9e0dea7fee13f2a8aa3c518e51df3cfc2fff4e1dbe77e3500161d14ad,7.069728851318359,-1.9852666854858398,8.061522960662842,2.9770607948303223,10.046789646148682,0.9917941093444824,False,True,False,True
PS,1740,1,388b8077ea91edfe94af6fd515d91530e700a7944e940917fb19b5d8b0849c12,5.54348087310791,-1.6025819778442383,5.590209007263184,1.6493101119995117,7.192790985107422,0.04672813415527344,False,True,False,True
PS,20050,0,9ec98022255061127f50e7ff248f08242d2ec71fdc64f993a7438985fd4b5fcf,-1.636362075805664,0.05157756805419922,12.623943664133549,14.208728171885014,12.57236609607935,14.260305739939213,False,True,False,True
PS,20050,1,3a9a8e0f5e4e128a95b92a4173100a2ce9bee119a4ef7b66ffd9ff20b01d5b12,-4.75663948059082,2.4262351989746094,4.602463722229004,6.932868003845215,2.1762285232543945,9.359103202819824,False,False,False,False
PS,14406,0,b82abf8056cfc610f7fed2e583bfdce8a9790ea8693098211d77bec3cf686025,9.218544483184814,0.9100112915039062,11.771383941173553,1.6428281664848328,10.861372649669647,2.552839457988739,False,True,False,True
PS,14406,1,c2280931fbc3c6e18b15200f039dc2944f1cdbc6339d880017aa287f04369a2b,7.989174842834473,-1.3558177947998047,7.97688615322113,1.3435291051864624,9.332703948020935,-0.012288689613342285,False,True,False,True
PS,10173,0,49d5226bc43ff13fd5bd4f4826845eca5bfadb032f75fe8de37684a4abe190cc,1.8772754669189453,7.650515913963318,7.639234369620681,-1.8885570112615824,-0.011281544342637062,5.7619589027017355,True,True,False,False
PS,10173,1,c097748d03240e49b43898bf130233558be6dbd869ba396c6554606aacb7db8a,9.293002367019653,12.7836242755875,12.691108524799347,-9.385518117807806,-0.09251575078815222,3.3981061577796936,False,True,False,True
PS,4679,0,8e8390e1a3ed75e73ce72110833c7e949f5f43a33451a21956ac97d6bfe9e833,7.514612434897572,-1.0720953941345215,7.520551816211082,1.0780347754480317,8.592647210345604,0.005939381313510239,False,True,False,True
PS,4679,1,fb414dd7ab9cfd5fc08eb12c475e4e936b0a55491a84323dba29a259cfc448e4,6.089225471019745,-1.831617832183838,6.55587112903595,2.2982634902000427,8.387488961219788,0.46664565801620483,False,True,False,True
PS,11368,0,8e724e2753cd5557085a860b0a190a7604a5e12edc71b0e48e5e242bafa3d425,7.254125595092773,12.438247442245483,13.262243688106537,-6.43012934923172,0.8239962458610535,6.008118093013763,False,True,False,True
PS,11368,1,be8c15d8259ce0f6091cab92a998ddc7b8067b9de990f4832c24488824d62a27,6.575622081756592,11.414080500602722,12.937429621815681,-5.0522729605436325,1.5233491212129593,6.36180754005909,False,True,False,True
PS,13460,0,9dfce727e83d4ecac0a53c2962ac78f9b39ab03700a972055bb87d0c9aeab732,7.8493179976940155,0.10697174072265625,8.133444294333458,0.1771545559167862,8.026472553610802,0.28412629663944244,False,True,False,True
PS,13460,1,6dfc655026e101cfe9c9f8dc67e9dec30ceb9fea90194223daa3599961ec73d8,7.560040816664696,-0.3148059844970703,7.59917426109314,0.3539394289255142,7.91398024559021,0.03913344442844391,False,True,False,True
PS,13158,0,2e7731ecca55c15f3198db8b8b643ef3ef57a0730c82878abb20135646381526,3.0858753323554993,-2.5152382850646973,3.5369110703468323,2.9662740230560303,6.0521493554115295,0.451035737991333,False,True,False,True
PS,13158,1,247bae9f47ed5708f8fd7f63a6736c93ff807ccee1e31f62c22933096829b6fd,1.9820020198822021,-1.414928913116455,2.540465831756592,1.9733927249908447,3.955394744873047,0.5584638118743896,False,True,False,True
PS,13856,0,5d9580236e8386d795959e33c7dde41431d283a5598993b084f099396d3da379,3.9097166508436203,3.8633361384272575,3.7192124128341675,-4.05384037643671,-0.14412372559309006,-0.19050423800945282,True,True,False,False
PS,13856,1,e9a9b2439701533c7194a85b6804a9eea6e66c92062ab93eb91bf52a766d0f8e,3.391683578491211,4.431094408035278,2.895695686340332,-4.927082300186157,-1.5353987216949463,-0.4959878921508789,False,True,False,True
