arm,batch,entry,selected,selection_sha,commit_sha,past_ids_sha,W,M,nextordinal,checkpoint
N4,1,cecd4a95bf5343b2bad2d5cfa39ac285174d139f8161f5ae4ae53e24dde7b286,9e7a08f589c8b37d6f64abba5608048cef032468c00d93dc4f7f4aa762ffaf74,3a255fa8c451f5623e7ee635527d79db05d5d25fd044cdd44417bd794e9f509f,19d3197c356a42a4256c474764b8e71ff7ffe54dcc302b2a9c692a1bdc88efb5,4f53cda18c2baa0c0354bb5f9a3ecbe5ed12ab4d8e11ba873c2f11161202b945,327b3fdf7deab05944278835c4b9453cd601aa036987096a18602ed2df8ca6dd,604e23874cca6e7b0155eceb3ae7ea6b15e3ca4eca646146a7f91f5f305bb846,100,NOT_SAVED_USER_DIRECTED
N4,2,9e7a08f589c8b37d6f64abba5608048cef032468c00d93dc4f7f4aa762ffaf74,a38cab47d1c0ab39cf722df5e323ff94bbe121f519faf6e959fb2b042503c92c,61559cf7dfae429f94c8ce3ddbaba14990185c843d6f0b8abd0d8bc347f6f703,9f44e0a7fac077f8fff243e1208c2b866f92162e9e339bde30ba11979f474cc4,91e62aaa0af730d436f827a91ab0dde954e339de199bcec0e071a6a681a98fa3,9612215b65d73148cf468c122d20854daec85fee7b1a26964301819d519a30b6,5f154f6fcc8af2e28c4b1814adae71b756f2a06cc420a2d4e63d751f659fa0a8,200,NOT_SAVED_USER_DIRECTED
N4,3,a38cab47d1c0ab39cf722df5e323ff94bbe121f519faf6e959fb2b042503c92c,2b5c27ff38fe4caa01bd9990701b0f8af7230edba798c2414b742f66a55b8615,8c6aa2d0fe3ed022170f140ec83f8a14ed1c4d4f02823a1b560548aa783ee9c0,84488cedf05f48ef1263440e1f019fcda5aad5ec1607c1f6d257cc8fc0e6c283,a5250a63980f984882fb1e46ad8417b9cf1ddede310ef57a2f44d73292bedd5d,6776abbf2dd4b12b68a8cba181e95546690c04ef7a03b8e9f9b15f5f2690c70f,757fb1fffbbbea284c41ac12d23214f4f44274fbc80fc9978dc0362a59e97cbe,300,NOT_SAVED_USER_DIRECTED
N4,4,2b5c27ff38fe4caa01bd9990701b0f8af7230edba798c2414b742f66a55b8615,77f8dbef84ed5ae128638acbd8954e7c2bc0d144c6686055e8988dc819f6cca3,0b899c369b260b77eead419d930ce3453ee3b8315d582c398561f68b374aedb3,9118e2ce7d53c4f1869c9a6cfd90a0672688a6d98ac0f443416dcea1b3eef392,1a3422ee227b3f0742132a719773fc99270f03222cea3084de684367d15673ca,959a0da72d3e8e450d58772bc020946dd06fa109141ca100cd16e3bea3452f45,ebf8ccb83df95e6a0fd4e8a0d0235092d77beda87657abae10c1762b17b8167e,400,NOT_SAVED_USER_DIRECTED
N4,5,77f8dbef84ed5ae128638acbd8954e7c2bc0d144c6686055e8988dc819f6cca3,b71d754e76bf75d961bfa97481681920cb06a8c2fc6879f07cfb55a940ea67a1,46df9933f20a426a78e2be15831f2944a55d266fd0d1d178b3dec7bde0a0438b,0a260c56edf837dec75cb43fc6376c87d8b45a2088f7c66578343aa8702c0e5d,3a6100e77e046e0f4cbcdf7aad3f848d2a047cdc71e3042574c4f1e5fef276cd,1ef882074371c756b3dd83a72170b17dc7de1bd7e43f45cb7eb0942cb4b2c860,baea3f2bae0bd9f05d4600be65ed3e65b2deadbaba8f1350b629031e06e5a6d0,500,NOT_SAVED_USER_DIRECTED
N4,6,b71d754e76bf75d961bfa97481681920cb06a8c2fc6879f07cfb55a940ea67a1,aeeae6d942ce1f10694beec49cb2cc4825fa0b5ce6d4ab163333ca16299063c1,1c70ba6691a27cee4aa36f991a6cee5542bd145429a179c42e12fe0325770fca,67327cfa601ef8edf11d9c8a6af9ed18e55dbd5e0f1e081a711080d4459c1c49,77af2e36d3f1b5cf9432225a069bec30ba9ea440e6f5ca443696485bd5dadc24,508875c4a7609dd19a096c26c925a5ef6364454a21972eb827884988a0dd128a,03c6a9e8881e73231f9093e41ab94d61b8a25d5a49ca710aefe4b757551417a6,600,NOT_SAVED_USER_DIRECTED
N4,7,aeeae6d942ce1f10694beec49cb2cc4825fa0b5ce6d4ab163333ca16299063c1,f6c0f0d079abf00cf5c1baa7d72e4eb503ea193da23981fce0ff1fcd10f923a5,d7742a6f9ba9b27ccf188c1a4dcfc7125b04acb0bae37fc2a2d22b3ba13bd5cb,73c356dad41bb7512d6409c3c52a6a0b6d0303ad334f7e29db6b015b598ad0b1,54acd45c7a628f84f6ca5600c104d0086f9e2b81eaa1163202508ea45c1793d7,3de5ea4139698012060e5aea342798188bc092025369a7c7092da19128b2e0d0,0b4c16884eb3aaf6e7ecfa473a40a8755a34c4521c17ecc211c70f1c59152c41,700,NOT_SAVED_USER_DIRECTED
N4,8,f6c0f0d079abf00cf5c1baa7d72e4eb503ea193da23981fce0ff1fcd10f923a5,bd4b2041309ff1c0cbe08ae53531104055bebfebc623b92f0fb3a079704283fd,ab9a909279d4aeced1fcc3b695cb9af343d70b7a4dbb6258c2bb1cc6b09304bf,89599e2522c9b044839dd3c3647a37a6779a766b063c469f699a5ea7eddfdaea,791ee445fc5badf7c7dc97952f58d9743832472e1e520e4aa8690cd3ce4d6271,9da214ded144ecb6618fa4ec32d48f39a9d7efea6e60b9036558b66cef7b403f,c4776226a5f334e4f373b0ba001d7354ef2c63bde85d8e683b25e345336207e8,800,NOT_SAVED_USER_DIRECTED
N4,9,bd4b2041309ff1c0cbe08ae53531104055bebfebc623b92f0fb3a079704283fd,474c9e2eca82ef033db0d25824120935c4218971361674cc01af75d6c342f3e3,ffaea61f6f0e7ae0171974f326210083622dd2b31c9f79fc5d8565a0b9966861,3aff11ee2279a36f83b63d5ab8412703fe6be6d136433b7dc2c45300dd3d200e,432bca8e9a72b2425ee2d18c72d0ec4175c4d442f72dc9cc5ae7f866fea7e6a5,2d0ac9472bff1fd76b3245c2384814e45e21fd41247e0cfba8b29c4fd4aaea10,9e5ceb0cad1c47cf6f94a420bf6792b9bc73153a0e6c3c56b6b960b4132d5b18,900,NOT_SAVED_USER_DIRECTED
N4,10,474c9e2eca82ef033db0d25824120935c4218971361674cc01af75d6c342f3e3,c3c9e650348c72b4c4ff0ec898581ced893c350ec08a9293891bc60524f4a92d,6e81a65d47341ff014a46a68e549e35941e47dedd774402d478f51998ac50d2a,4af626f81615950f0ae83aa50206d5dace9fe543d8efc8c14dbdd57f6e99761d,0ce1af2665c547a4aa57591670e8dee48d760f338a582097594edad66da7ba63,3fb5e1084c3e81d0f89c84d341aab0fcdcff7b46467ecbf9a8f1234265cefd7d,82c957b9e4611cd7169e7a74a0e6080295d5bb700610da8efe7b243dd3bb0a07,1000,NOT_SAVED_USER_DIRECTED
F48,1,cecd4a95bf5343b2bad2d5cfa39ac285174d139f8161f5ae4ae53e24dde7b286,322c35d49b5a852357ee2683dd54cecf530737fee8139fd4f88df00e0b0e84d3,b4835e9a98c766755334ef6fa02192e56b8118d67517fcaf8095aeb0c3893055,215636810ee25097f41beaa9805375f2fe01e6c9aa5fbb31dc1757ce69689a6e,4f53cda18c2baa0c0354bb5f9a3ecbe5ed12ab4d8e11ba873c2f11161202b945,3095381fa9c0ab5654df7054d82a842db18f83728e426183c4524ff8754dc2bf,145e1695b320b4b8f81449e44f4cb3023a28ddc6bd79cffb4cd53c20b68ca0e1,100,NOT_SAVED_USER_DIRECTED
F48,2,322c35d49b5a852357ee2683dd54cecf530737fee8139fd4f88df00e0b0e84d3,aeebe2d8a8d853018d5b7f5bc58bee0563fecb4534d85efa4f54c2801edf0ad7,5be5572e7c859067e0d8cd78a03e531ca079fe3cc9bc73349d94c4c7b624e136,8ba469e09732a72c6a0a4fef565359c8f0bf7e51b04fb0823d26316f3d81d886,91e62aaa0af730d436f827a91ab0dde954e339de199bcec0e071a6a681a98fa3,be3f134257e366fa2ca723f8eec2040b6124ce87eb6ae4fd47b662cf3013647d,12316e7ed82ddc66712844b1f2fc1cd209babeacce30b07368337d7f8816151a,200,NOT_SAVED_USER_DIRECTED
F48,3,aeebe2d8a8d853018d5b7f5bc58bee0563fecb4534d85efa4f54c2801edf0ad7,e73de5bfcfd655266a90c3a32689c883e2d6ec857781efeadcdefbd39432db55,8b7d314aacd16d58e78a7266d05a9e48626e0ebee6687991489f9e942333a309,beb1d740e102d3148305734f715523862e5e0380ffd3b1d000424234af2e2ea0,a5250a63980f984882fb1e46ad8417b9cf1ddede310ef57a2f44d73292bedd5d,0721b5f902f5631089c2046d162d6f58078f1b39f2e284dfbaf993ef728c027e,4872abff510c827dafb0d0180994cd92d93535d5817bf3dbb956eab8e5a708de,300,NOT_SAVED_USER_DIRECTED
F48,4,e73de5bfcfd655266a90c3a32689c883e2d6ec857781efeadcdefbd39432db55,5c6fa9b2e8059e6f6f71aef3c4febd5f72346104bb75a70d5ffed660588b840d,94f6270dc626e2658ef73d8cb64feeff90d493b665cb713937eb6358df27e8d9,2b120d435e0e93941e4e64aa3c103b87d02af745b175e3734616b48290ea359e,1a3422ee227b3f0742132a719773fc99270f03222cea3084de684367d15673ca,dd5a449d2cadc066045a323d1997f24e53607af0b10e22de09fa9bad6b8b1536,29fa7ac01a196efa5c66fe2d1d5a5e3c302e5c39479bed2b3eb321328c13e8d6,400,NOT_SAVED_USER_DIRECTED
F48,5,5c6fa9b2e8059e6f6f71aef3c4febd5f72346104bb75a70d5ffed660588b840d,673ad325f04300a8afbfbfff6aa418dc6672db94ba07c64ba219aab2ff2feaa4,74a70fe0aba81988f37c44da1bc9deae0e7e8be9e26d7fd2217ae28e09267222,607aafba03d6dc59a5604d225bd8179d579832a33644e78483005a59982b28a1,3a6100e77e046e0f4cbcdf7aad3f848d2a047cdc71e3042574c4f1e5fef276cd,9a5d72c8da77d44ee80faf201771366d980d28765e89831d993819c48a199b63,d02fec46f03d6adfeaed59147e292af5db29f16406b0c27b1e07509d00e6d345,500,NOT_SAVED_USER_DIRECTED
F48,6,673ad325f04300a8afbfbfff6aa418dc6672db94ba07c64ba219aab2ff2feaa4,1a59b101fd14e9c7394e59df15c882afdbff71d9535ae35c7b4927f8a8739339,bec1130af2f78ad07c25d1f9559ce09c0a7d1ad1a26ef65444a21a353312461b,13a958220ded0e9567c0171f351071d1b9e8c6055966543c5cb291dc0481427a,77af2e36d3f1b5cf9432225a069bec30ba9ea440e6f5ca443696485bd5dadc24,3a7fbe9e2a06a89d29e0181d8a0f643086f58133a4b1894e973e3908c7773ff5,69b55991ffdcda7562b83d746a0b9a8838c4f77f1f1131709f115b47765bb8a9,600,NOT_SAVED_USER_DIRECTED
F48,7,1a59b101fd14e9c7394e59df15c882afdbff71d9535ae35c7b4927f8a8739339,6246c8de48d9533ab497304b93f01d84f4ac74d2b6fb521d0493d77e93f02947,941fbfdc819e1f7da1a40f0993e3a6ec7dfcb959fe4c6b1598fe367b814e5586,2b54b3a54017a74ecdb09637dbfcb334a0b9742ce520ddc79c274a53a4eb38f4,54acd45c7a628f84f6ca5600c104d0086f9e2b81eaa1163202508ea45c1793d7,70c03c7c544ff8a39db0be2ff244554479d3e903c8bbea7542b35db5dc3e542b,acc2973fb2f51a8adbb11d36f48da1ec75aa105a576af8d7fbb474ab43e7dc20,700,NOT_SAVED_USER_DIRECTED
F48,8,6246c8de48d9533ab497304b93f01d84f4ac74d2b6fb521d0493d77e93f02947,587ac1327ab26828605818345bc456a6ca087edadaced6d9d5dfc4fdc6c23f39,21eb89fd31378f47f5e190b5d1c3d3e0b5acdd384a394259fc2b2b996ffe272b,9700fe43c99159a1ce380aef9f099d805ee53832a624815ac5a628ca125d1b90,791ee445fc5badf7c7dc97952f58d9743832472e1e520e4aa8690cd3ce4d6271,3d62defcb055b2c65dac096220789215d589c0589b58d9f1b6e6a928c80fe6d8,1b3e430b21b49f28129d4dd19f22503550c254622bb0602dc80c3fc47923c3e5,800,NOT_SAVED_USER_DIRECTED
F48,9,587ac1327ab26828605818345bc456a6ca087edadaced6d9d5dfc4fdc6c23f39,1aed0968a1454cbbb3411084084e3adfa92026cc636c4c559583ef2f209f55bc,167da835db4ad24bcc49198355ebb24bf023f702cc491554c42f1baeb07e217b,9e1db9e52a4bad2b7ae3fc042e76fc86100783b3a48231ea4198f8f4d063e130,432bca8e9a72b2425ee2d18c72d0ec4175c4d442f72dc9cc5ae7f866fea7e6a5,1f8dbf739f3ce5be6a706713a353d50dc8caf4f6bb03500fc18d2d224321659a,4726ef5319d9d3dfd9e518933c17a2da17bbaa91dadfdd350e4b15a6df92063b,900,NOT_SAVED_USER_DIRECTED
F48,10,1aed0968a1454cbbb3411084084e3adfa92026cc636c4c559583ef2f209f55bc,af9f20df929574d6c824c5f4a9136bd722886debd669c413ea72a6965dc1471a,bc1b62f7d98fdc3de1b0f6979f5d1668f66dd225251b4a281bd0a26d07de2a82,5b1b3bf8537a88b7c361bf33bd63ecb24fbdb48e9260cea44f3f6a677fb46a19,0ce1af2665c547a4aa57591670e8dee48d760f338a582097594edad66da7ba63,7faa8c340fb90bea63eea924b10a7de852171285d11c6747a263346f542cc77c,3863340f0482b45d365fa48e28924766684aed594328c0dccdb1d8f9f9a63256,1000,NOT_SAVED_USER_DIRECTED
G48,1,cecd4a95bf5343b2bad2d5cfa39ac285174d139f8161f5ae4ae53e24dde7b286,9e7a08f589c8b37d6f64abba5608048cef032468c00d93dc4f7f4aa762ffaf74,ccdd49291dc3584fe2283f5a6ab5c7a24d9998547c5a4d8e6530c8b500323aeb,72e51b6ebdb77396f23f43d669851d43f73550f53d980812bf6474f8f5d64e5b,4f53cda18c2baa0c0354bb5f9a3ecbe5ed12ab4d8e11ba873c2f11161202b945,327b3fdf7deab05944278835c4b9453cd601aa036987096a18602ed2df8ca6dd,604e23874cca6e7b0155eceb3ae7ea6b15e3ca4eca646146a7f91f5f305bb846,100,NOT_SAVED_USER_DIRECTED
G48,2,9e7a08f589c8b37d6f64abba5608048cef032468c00d93dc4f7f4aa762ffaf74,5f4deff7396107377578cd98bb2b2c152f48e25ca6bdbef432886a1cf403b659,00f178c3a2899f42ddec44022a8c8255fa3f1e0069f0aea4e6ab560fe1d47dfe,6ced3d80647f14d885cffb4f9c4a49383fcbd1abb0573464d26977a0738939db,91e62aaa0af730d436f827a91ab0dde954e339de199bcec0e071a6a681a98fa3,516a7033fb323614edf58beafd844d117e205adcb17cafe8d9cd57f9346872b8,30b509233af94838c8b030da3f25dfac55c2eb37e896b8aa6816268c9db73e2c,200,NOT_SAVED_USER_DIRECTED
G48,3,5f4deff7396107377578cd98bb2b2c152f48e25ca6bdbef432886a1cf403b659,5031bfba66bd6a57acac76e6ce0f130bc3dd0e29451c15f91fad930543b10583,b066e11a949250cd0e034cee1770b80a71a509889d02317e684cf997350554ca,87732b36bb40442965fa95f2dd66a6954a07ff89c1575f62bc03b465efb6fc31,a5250a63980f984882fb1e46ad8417b9cf1ddede310ef57a2f44d73292bedd5d,2eae713f0bdcc460db4d08a5a19a714f7ddfce9e30432669872179531335e64a,06465244ec9e7957cb197c8bf5b034152113e9d5231a9e70e621619025a5963b,300,NOT_SAVED_USER_DIRECTED
G48,4,5031bfba66bd6a57acac76e6ce0f130bc3dd0e29451c15f91fad930543b10583,44048ce4aed462ec858bb2db80b9b18e8a411bfe9d69b1bf2cbebc52f437ebbc,ed7a4fef251e36701dc6bd02b4bc69f66d4ecdd54c5da1628882e763dd6df49e,4296aa4d34647c62020656cb3b34df92813095cbbcca27f9ee97676093856a21,1a3422ee227b3f0742132a719773fc99270f03222cea3084de684367d15673ca,50759ce8cc2c0885cbc361c1ecb05a5595b48160fb92ed868f22a908fe81304c,5814999f43d1a62ec3e96b3289dfd5aafbf974e1715450c895c039ab13b4fd9f,400,NOT_SAVED_USER_DIRECTED
G48,5,44048ce4aed462ec858bb2db80b9b18e8a411bfe9d69b1bf2cbebc52f437ebbc,2a6aeffc62625b2d9f0954ea32dc63da95fedd7e337bd62776da19f9bdae3d5f,546d62d946e02f8124ebd18f7d9d7451e8e0b52ee9bc2ff77b114213e98197f1,852e937c535884b809893247d932daa4f407962d5f4eb39b389f2ac0949f14a0,3a6100e77e046e0f4cbcdf7aad3f848d2a047cdc71e3042574c4f1e5fef276cd,3782ae9a2c0dbac2e65647cbf8645c3eb1f6aff3bf494225a618eed1fe04f0ab,f27488ff7c04d26e60191c888ac7de7ca49f6ec838eacf48d4cd86131cfa9429,500,NOT_SAVED_USER_DIRECTED
G48,6,2a6aeffc62625b2d9f0954ea32dc63da95fedd7e337bd62776da19f9bdae3d5f,4fbc6f95f170293cd8f5da1ae7f703c321cd0991f63046448a9c9b90542737bc,c8bdd3c1105f86b358e483ac54295b412b0b01660e9b89b8af80c475728d6dcb,e3ca87d8ad65267fb3f226552d4a0ac8b4f20dd6b48bad786ec880f48704f61e,77af2e36d3f1b5cf9432225a069bec30ba9ea440e6f5ca443696485bd5dadc24,c0f51b94f8de706c286872d2ce2332ecf424d69a50dda0d8456273f2c6e0ecd0,58a23bb9b9804fb3513b6fce8ee5e6222d7b8cbafdcb1617546e3da61a485fd9,600,NOT_SAVED_USER_DIRECTED
G48,7,4fbc6f95f170293cd8f5da1ae7f703c321cd0991f63046448a9c9b90542737bc,9eb3e789d475a3a9ef4b4538361bc69e5b416654cbad7b7349c945287ed20beb,561769c4c2ae73c880c2b1b19e861a3e5d11ddb3929c568d774429d4d98f2f52,df0429c56774c489af2fb05782b06088146c97bce30b39d4ad4fbd8f8883f011,54acd45c7a628f84f6ca5600c104d0086f9e2b81eaa1163202508ea45c1793d7,32760f0fb81009e1885eeb7e05d489429150ba8114d124692582261e85f0d5a0,9ffbad4f6720586db077fba114bc4f9cd59bf01baef3d43aaaf5ff60af585bb8,700,NOT_SAVED_USER_DIRECTED
G48,8,9eb3e789d475a3a9ef4b4538361bc69e5b416654cbad7b7349c945287ed20beb,1ba3e98a9358d1e01b87b1a11723cf2f26663816cd80e121800cf83a1334fbcb,98eb9609f86a5f2f9a80ef4d04be7c139f131e4b572f932b2f7a9051b8e8503d,63714b574578000ad839a9b01b9bf9125c83f53e33ea096a1bcd670fb432f93d,791ee445fc5badf7c7dc97952f58d9743832472e1e520e4aa8690cd3ce4d6271,e3ecbf60db71fae15a7420acbddfa0879ea1915cb4645fa30350fd2578dd160c,15f891129275d412cc495d0d6c23856739a5e2d61ffcd1918c01bc958620890e,800,NOT_SAVED_USER_DIRECTED
G48,9,1ba3e98a9358d1e01b87b1a11723cf2f26663816cd80e121800cf83a1334fbcb,30a574b8a7db5fd13043ea88eac5b5895930c2bf3f95dc80dfeca47f1c196672,aa5610682e36d717488037d877f2c2e65ba2f6d065c22d3e12af4afc4dc9a952,42f7b432ca10b59bba086b2b825d65666feb69e8eae42d5efbd40b12386d5437,432bca8e9a72b2425ee2d18c72d0ec4175c4d442f72dc9cc5ae7f866fea7e6a5,7fcbe3daae7b0d3d41e8ffbd6573c7d1ea43549b81c849bfe319aaf15ae9cbfb,7620256e240bb52dee9b5d523ca7565b1b307b86be1c30c27024294a676c526d,900,NOT_SAVED_USER_DIRECTED
G48,10,30a574b8a7db5fd13043ea88eac5b5895930c2bf3f95dc80dfeca47f1c196672,d914622620b5c0e5d3e4d2935e0bee92f96a07ebf04b55940cde4f3062229fbb,6563f73d2f1f3bcc737ff6ca9d82ba6304ab102c2a07b0d36f9f6a316e56d4ef,7370d5defaa40f11284bc28b32423a5391e28cac2c357d594699eabd8a70ee4e,0ce1af2665c547a4aa57591670e8dee48d760f338a582097594edad66da7ba63,cea527c6b231a2c3ad7da5957964ea17c9dcde2f4857d2af70ebc873aa3eb0d4,758fc1f6c9c9d1bd60efbf9dc611ab5f9f416894f59e6307ec659a6dc427021f,1000,NOT_SAVED_USER_DIRECTED
C4,1,cecd4a95bf5343b2bad2d5cfa39ac285174d139f8161f5ae4ae53e24dde7b286,9e7a08f589c8b37d6f64abba5608048cef032468c00d93dc4f7f4aa762ffaf74,48eb0fa7982762ef170e0b06e0fc96cfae7be18b3b2a65d76d1e8238c408ceb8,74e091dd39705e4d016486811205f83a4b98d83b896c6c2ea5b7bc977a16c054,4f53cda18c2baa0c0354bb5f9a3ecbe5ed12ab4d8e11ba873c2f11161202b945,327b3fdf7deab05944278835c4b9453cd601aa036987096a18602ed2df8ca6dd,604e23874cca6e7b0155eceb3ae7ea6b15e3ca4eca646146a7f91f5f305bb846,100,NOT_SAVED_USER_DIRECTED
C4,2,9e7a08f589c8b37d6f64abba5608048cef032468c00d93dc4f7f4aa762ffaf74,a38cab47d1c0ab39cf722df5e323ff94bbe121f519faf6e959fb2b042503c92c,89fae70f0dd8ead997d13a17efcbf56704bf52a4460a1b3da234dbc07b7b1d05,0397302ff4c59c4bd91e451baf88fc1dd74adc57eda58385280fbe5f8a38c355,91e62aaa0af730d436f827a91ab0dde954e339de199bcec0e071a6a681a98fa3,9612215b65d73148cf468c122d20854daec85fee7b1a26964301819d519a30b6,5f154f6fcc8af2e28c4b1814adae71b756f2a06cc420a2d4e63d751f659fa0a8,200,NOT_SAVED_USER_DIRECTED
C4,3,a38cab47d1c0ab39cf722df5e323ff94bbe121f519faf6e959fb2b042503c92c,2b5c27ff38fe4caa01bd9990701b0f8af7230edba798c2414b742f66a55b8615,7c4bdb36eedc551de0917038cfc331074b59b705f484737ac35bee83cfc1a988,c8d73b0106d34e3a02222f2f487e7337a0ed6e63bba92c8b5146a6b9564cbfba,a5250a63980f984882fb1e46ad8417b9cf1ddede310ef57a2f44d73292bedd5d,6776abbf2dd4b12b68a8cba181e95546690c04ef7a03b8e9f9b15f5f2690c70f,757fb1fffbbbea284c41ac12d23214f4f44274fbc80fc9978dc0362a59e97cbe,300,NOT_SAVED_USER_DIRECTED
C4,4,2b5c27ff38fe4caa01bd9990701b0f8af7230edba798c2414b742f66a55b8615,77f8dbef84ed5ae128638acbd8954e7c2bc0d144c6686055e8988dc819f6cca3,74189fd46a7634524df418d723da13f24296ad94cab6d4f08693eaa981750969,34a52d744f9b507fad5c1aaf64382d6eada0c53846702f0ce293168c11719741,1a3422ee227b3f0742132a719773fc99270f03222cea3084de684367d15673ca,959a0da72d3e8e450d58772bc020946dd06fa109141ca100cd16e3bea3452f45,ebf8ccb83df95e6a0fd4e8a0d0235092d77beda87657abae10c1762b17b8167e,400,NOT_SAVED_USER_DIRECTED
C4,5,77f8dbef84ed5ae128638acbd8954e7c2bc0d144c6686055e8988dc819f6cca3,b71d754e76bf75d961bfa97481681920cb06a8c2fc6879f07cfb55a940ea67a1,2a9d5ce5fa9c124f014851f3a467129893385a6f340da2d856be5c3363a1e3ec,cead635bcf39f88bfc10ed940d06c0a927829d54aa266de59c196dd67cb8fe3d,3a6100e77e046e0f4cbcdf7aad3f848d2a047cdc71e3042574c4f1e5fef276cd,1ef882074371c756b3dd83a72170b17dc7de1bd7e43f45cb7eb0942cb4b2c860,baea3f2bae0bd9f05d4600be65ed3e65b2deadbaba8f1350b629031e06e5a6d0,500,NOT_SAVED_USER_DIRECTED
C4,6,b71d754e76bf75d961bfa97481681920cb06a8c2fc6879f07cfb55a940ea67a1,7849f9933baaf20a20f79bd1477f0b519ceb185c54fd53b871f08dc5a6e1ff8e,5232b9891a4e60508893002f82e8e1f1c808565a1524ae37efe5fd7e90ff2e0b,b760309ab136800efb57b1a4ce31cd271100e69ed28402051694887c9436e366,77af2e36d3f1b5cf9432225a069bec30ba9ea440e6f5ca443696485bd5dadc24,dbb08e28431ff05f31bd1f05388fa6df0f2f9e09a7561e31828c0a9e8dffe5ba,bbc4ede5a52372f9f4c9607cb74aec230c3fdf3f290675f1ef2b77e2d994aabf,600,NOT_SAVED_USER_DIRECTED
C4,7,7849f9933baaf20a20f79bd1477f0b519ceb185c54fd53b871f08dc5a6e1ff8e,1b3c0a88de03273e0d83e97b700ba053400f6dd15cddde89113047cce31166e2,3885352e61ee26cd73194f59819787b757e328c2eadcedf0d13d3db57a8f65d6,e24c2d2ebcea68ce4d458b2660dceb9c02b4e8a71edaa774e4dc9f4181b7c22d,54acd45c7a628f84f6ca5600c104d0086f9e2b81eaa1163202508ea45c1793d7,c6a479c43cf5ba496b0479191790837e22d65fbbaac6f20b0b22256231a93296,a266d45bf4c26bff77fe7b80a400f0c7a9503f7afdcba8ff3e2e3f0e2eec7027,700,NOT_SAVED_USER_DIRECTED
C4,8,1b3c0a88de03273e0d83e97b700ba053400f6dd15cddde89113047cce31166e2,3640341a9891ea9c5a95fa3a3bede6bba30216a55fb1a947605847dfd08d36da,0cfd744467bd1d233af25e440aeb9ce0d387a53735de7ffafd182bd6c5f648d1,792194e129f31c920e4bf406e18fa7a3b5d2ebc3764e4456a23e4c3e51f8c411,791ee445fc5badf7c7dc97952f58d9743832472e1e520e4aa8690cd3ce4d6271,06e815c8b813264855d0d0b28f3e88bd9cf4b977eebf1b768b9ed41ea0a42a86,cbb6baf1065855a26d7d92918a6d3eeda4124fcabcf9dea5ccac8d3b762c2d99,800,NOT_SAVED_USER_DIRECTED
C4,9,3640341a9891ea9c5a95fa3a3bede6bba30216a55fb1a947605847dfd08d36da,147df1569d05c4a370d17b0d50cb501a800b669e9e95ddaa8ee5ecff34cf6b4a,016af24e57a4ccfe37bd83690b5fded34bad91910e37f4d0a4d1ccfca75c734f,6cac4615da9671a27039d2ad6cd905e62774c233a64678033e4a3b18097863dc,432bca8e9a72b2425ee2d18c72d0ec4175c4d442f72dc9cc5ae7f866fea7e6a5,9b62c92e6e6e1762ffd6b8c98fbc9eb9fa7a47592c830640efe6ebfb03892484,81acd8f97f85e68a01052f2528202412f54f2d742bae3454cb7d5def43339540,900,NOT_SAVED_USER_DIRECTED
C4,10,147df1569d05c4a370d17b0d50cb501a800b669e9e95ddaa8ee5ecff34cf6b4a,b65e9dec98eef396326a545f67d726bc4261a2001ea7b59f18eab070495dde15,7d111705f4e9350cc148e2a8ba3e0898609ad51838c0f1e46bcc0208b71e3c12,3acdfc74c17e916dd289691fd75f12b47307ac62e7a7348f9c32be5b5c594d36,0ce1af2665c547a4aa57591670e8dee48d760f338a582097594edad66da7ba63,2d97208b289d8a83280ba7881555c1767f2866155ebc39c1d802f8a0a3c183a3,1ec425290333d9f19a9e4ae94e6c558a2d715fb384697e794727bcd89102691c,1000,NOT_SAVED_USER_DIRECTED
C48,1,cecd4a95bf5343b2bad2d5cfa39ac285174d139f8161f5ae4ae53e24dde7b286,9e7a08f589c8b37d6f64abba5608048cef032468c00d93dc4f7f4aa762ffaf74,d1157391bd16a02c9fe4fc55b05206cb2eecb4f2aa58ff7fa9154ef338ad321c,5209ac890dcf930b14261f35885838027090a5df093a31ea2aeee1e0678730ec,4f53cda18c2baa0c0354bb5f9a3ecbe5ed12ab4d8e11ba873c2f11161202b945,327b3fdf7deab05944278835c4b9453cd601aa036987096a18602ed2df8ca6dd,604e23874cca6e7b0155eceb3ae7ea6b15e3ca4eca646146a7f91f5f305bb846,100,NOT_SAVED_USER_DIRECTED
C48,2,9e7a08f589c8b37d6f64abba5608048cef032468c00d93dc4f7f4aa762ffaf74,d2910ea26a0fc67050935b649a5a67487a1c7c80161e24715bcec32001d8bd42,6da18a89eb68e76591b004642cf6836882b6325e892037634b2b6c711f9e87bd,64199a9ef1ff66494fde96383b1033a038b4a8593a44cf38ef0e139c81aadf18,91e62aaa0af730d436f827a91ab0dde954e339de199bcec0e071a6a681a98fa3,640dfa9a2932ddea709cec67aedbeafa1a7715fc4a936c89907a27eef9d0e9bb,92804d8a1eaeac6e390e98ed1dbc09074ff4612100e21ac4f78a2498f90e6ed3,200,NOT_SAVED_USER_DIRECTED
C48,3,d2910ea26a0fc67050935b649a5a67487a1c7c80161e24715bcec32001d8bd42,2290f909bdf4bc48db067f19d72336975a52f359fecbaf47759a25fb14d9eced,ddb74627a0463d8584388f1f1aeb0606edd1c2aa1943d8e2639821d7d51ffc41,dbc76bebc8a5b7f137441c5c4ff16652d2c067729ab2e20e7feddec8f8937782,a5250a63980f984882fb1e46ad8417b9cf1ddede310ef57a2f44d73292bedd5d,230b0e1dc7070f8dd7459db0dc3cff42d7f494f737883a3ac8c5cd2991ea2362,606e2265bdca8661dd82913c36653267554534adc0179cbd71fb7ca5958e3693,300,NOT_SAVED_USER_DIRECTED
C48,4,2290f909bdf4bc48db067f19d72336975a52f359fecbaf47759a25fb14d9eced,9838cedc41b14ec1a52e457d1e4bea60e34f78ccde4b9ed4950367f9d5935e59,536ee112264ef3ade2b2305f5324614200fa015584ec63f41b4f740e5f041976,5c589b7ec3945bb9caba013bff56a4b258c8ca156c5ebb04939ed39cf70105b7,1a3422ee227b3f0742132a719773fc99270f03222cea3084de684367d15673ca,0db986a84df58bb64558ee08fae8718be023cd953caa2160b50c3611c187a244,d3048e3d6694a41dd65dd47787055bf22f6d68ee7fbca8d23862e28a187d1082,400,NOT_SAVED_USER_DIRECTED
C48,5,9838cedc41b14ec1a52e457d1e4bea60e34f78ccde4b9ed4950367f9d5935e59,5060810f2f9d2baab147cf1a1876d131d745aca3c7629976e521866c0d022ea3,013e6d429d25bb692a7e735c88d3af0673395b15a3f22bb4c33f8295bfcef822,e05e3c1880076d91fe05ae0482ae8f61b1d1dd55d41dcbaff0e5b00178aa06a1,3a6100e77e046e0f4cbcdf7aad3f848d2a047cdc71e3042574c4f1e5fef276cd,b919e9f62edcdbcb5039cac6e5d387f7432a1e39d2a6796f6b5cbd45edee52e5,099207078cc04d90e32efd9c334093ec150b619eb5fff8260f79d85915720ea6,500,NOT_SAVED_USER_DIRECTED
C48,6,5060810f2f9d2baab147cf1a1876d131d745aca3c7629976e521866c0d022ea3,af45cb9e1a20eaa9d26c5d28c85df8687f751de3ed5fd0abd449a9199bfef388,12c3a964a181e9596aae56c5048a86b638c705d53ed209dad3df5ea1c1d9b518,c74077dbeed69202c29799558fab6897fa4a4b1d0047fe535130abfa645212c1,77af2e36d3f1b5cf9432225a069bec30ba9ea440e6f5ca443696485bd5dadc24,40f7837edb7f3d35573183077ed22a83f83b77d089958be86da1c8216da85cd7,8dcf01c34b5d286bde78f59c353fbe011842a1ca82ddde1078e2a487d70e08e5,600,NOT_SAVED_USER_DIRECTED
C48,7,af45cb9e1a20eaa9d26c5d28c85df8687f751de3ed5fd0abd449a9199bfef388,34436af7c06d2a965581edebdd579ee1ceaebb21fe139a9fd876bdcdcc89f1cd,cea4fdcb9bf9ebca45fa28d184fb94cc4398f321e352afa5ec6def7ce97bd14a,b5e013b1c4194064c1c9caaf672b09414b794241c3eb0e3ddd0b9250f3aaa130,54acd45c7a628f84f6ca5600c104d0086f9e2b81eaa1163202508ea45c1793d7,214685fc58cbe1abd7fa5a4f8ddbc63017df93b356f16bdadfb8858f788ec5da,865e3b64c423dbbfe372de9c7b2b1523582493d15b854992c1234983afe21470,700,NOT_SAVED_USER_DIRECTED
C48,8,34436af7c06d2a965581edebdd579ee1ceaebb21fe139a9fd876bdcdcc89f1cd,6e9d020ffd4642e5580357cf2202f877fb1046519d7e6b11b49a49d01a2ef36e,aaa39af0b8d1e417b356aee75b5a409b758cf08a331f9cb183e29f5e7bf3ea3d,d9de9c4c94700dfcd680ba3956df18274c548bb31de38508d29e79e92246f607,791ee445fc5badf7c7dc97952f58d9743832472e1e520e4aa8690cd3ce4d6271,765042868bd172a6121d61b4f1481d5695555a8edffc5f41b2a8e4b76beca100,21f0b04b4250b7b45883a6353291673ff0d8a64fa48c411b2df61ef9ac5a2dd2,800,NOT_SAVED_USER_DIRECTED
C48,9,6e9d020ffd4642e5580357cf2202f877fb1046519d7e6b11b49a49d01a2ef36e,bdac9c437d1d52672b5078b3263688fbda5a217855c5fe5aaaa4563b07bb2371,9d0e966b7472c673c5aa778dd828d20bac28c51fbaac3441291ee0cb4cd808b4,92bd00cfe4539732099f67451c6e353c176cda6a045ac69d23bbea857361c4ba,432bca8e9a72b2425ee2d18c72d0ec4175c4d442f72dc9cc5ae7f866fea7e6a5,59bd37714eb165d5a526510203b54dc9e113f1f1498095549d6b3b56f3d00336,0975d4469bd551366c21a9d615a38472470283c2dfa27422a3c3bc1bd791fc98,900,NOT_SAVED_USER_DIRECTED
C48,10,bdac9c437d1d52672b5078b3263688fbda5a217855c5fe5aaaa4563b07bb2371,1f2319986803ac2bdd284060a6600af6d924ee2b123e2f96da40a59a7a3f1831,a2de91e789040f042bb66a54b92cc1c39be9b497d1a5033fef96363fc0db8d8f,55d0db8f8ef87c25007455b4ef4f9d566d0b96ec6e17a40734a27326c8a069fa,0ce1af2665c547a4aa57591670e8dee48d760f338a582097594edad66da7ba63,735e876c2bcbf16e976bb8f8c852bdb71fdc466b20d8fc63028980eb09fff627,b97b2c1ab1b9416c9736f312739f812ef28bf4c398cd47176c90f092f8f16baa,1000,NOT_SAVED_USER_DIRECTED
C45678,1,cecd4a95bf5343b2bad2d5cfa39ac285174d139f8161f5ae4ae53e24dde7b286,7ade752468e55918c44f515da552f5af9b5593d51e9b351c817eefac87634b98,c873dcfa1f167d5d31836dca5b46b1ba29d8024f5a09946624d408f3f35e0530,8d92dedb05d3e2ebea42042cd6e58b2966c7c1a7dbb59afefe34b3b8814a43d4,4f53cda18c2baa0c0354bb5f9a3ecbe5ed12ab4d8e11ba873c2f11161202b945,c5d320f1fe56122a10b98136a6ca76624bab13780f23d8632323df3caef83259,ee96d8dd317d43f427cd371a9c94f18bd00667c6ff9abcf1471f5767dd0a2559,100,NOT_SAVED_USER_DIRECTED
C45678,2,7ade752468e55918c44f515da552f5af9b5593d51e9b351c817eefac87634b98,24d134ea30ddad98bb17b48f18de0c9f9cd73c31c634d0053f836c4882ad1240,02c1fa7707c0f1efb854d6b5a04da72a72254662c35da8b82a75dd2ee9cb82d3,5546dfbd8290588b47df87052651e1c4d037e8eec5543cdeed8ef699841d65c1,91e62aaa0af730d436f827a91ab0dde954e339de199bcec0e071a6a681a98fa3,939a0d2c7091ea02d350c3187d347d0bc2cd67bd0b601a9ff5cb780ef4ff606e,ecfb3e2ee95f2d4962c7a1d01d20855cfdb9c7d12d995bddc4b194f8ec3d0261,200,NOT_SAVED_USER_DIRECTED
C45678,3,24d134ea30ddad98bb17b48f18de0c9f9cd73c31c634d0053f836c4882ad1240,6e454a208377cdf9e03c2173ff0065d37bc93794d4e3010426ab8fa2160ab9e7,eccfa626a644f5ad15036f513beddb4bc9729efb3450ce004f3b515a4a372f7f,b633692d539c134ea5d28932f1ebc720244f275e75dae0db8534e54fd4cde614,a5250a63980f984882fb1e46ad8417b9cf1ddede310ef57a2f44d73292bedd5d,7fdf8c3cbc7f3b68cde8c00d418f4a077bd79e8a1af4ce8a237254203cfc8f59,eca7837fda30ef6013fce3c7b0e22802c30fd2d7061a99252fb4c1ef1bdd556a,300,NOT_SAVED_USER_DIRECTED
C45678,4,6e454a208377cdf9e03c2173ff0065d37bc93794d4e3010426ab8fa2160ab9e7,8babf96f5dd7de9dd411a66a4c86a217dbe87cbbdd68bf0c616aac046627f17c,6c23048c99e4e314bd9700e36de75fbd1328f03e07eab67ae9982497167e0f06,edb37b3a3de67669b547bb68a4d2383b601bf49dd2834263189552eafad891bf,1a3422ee227b3f0742132a719773fc99270f03222cea3084de684367d15673ca,321e11d591dcb3c28b837337591c4b9fca87340cca090fc16f414f2aa2e06e7a,0d2c5d928caf40d2deeedccf230618ecb3a6450d4e699eb8fc5530c7c34112ce,400,NOT_SAVED_USER_DIRECTED
C45678,5,8babf96f5dd7de9dd411a66a4c86a217dbe87cbbdd68bf0c616aac046627f17c,1c19dace3c4d9e1b7f6591299e3c4d55630a09a0ca58ee87ec1a652c11a74763,2a0e87c47fb85c8ba4e470532aa3119e1571d0ade4180d4665b55194b2de29fc,ac209f5bcf1668e59c20b55fce6e7a259e3efedcdb09f26e71b38c55d8df372e,3a6100e77e046e0f4cbcdf7aad3f848d2a047cdc71e3042574c4f1e5fef276cd,7311d80c3b7b807fbb6620d08ed94f576f63bcec9b9b02060a3d6899901de4d2,972f0183d8cca9736f34e29246e60971e330954a215db57f9f323c85a2ff7a3c,500,NOT_SAVED_USER_DIRECTED
C45678,6,1c19dace3c4d9e1b7f6591299e3c4d55630a09a0ca58ee87ec1a652c11a74763,374a66e7102f4a8dc35acf6c3cc5163c4d78df18346fa71637c9d35bff209d80,dd86b15293cae6c5917824ab5bb2d61b2214296266bbbe7bc51b7961e73433fe,73c4064fdd43eeee9a16fb4658e12b55b637738decf0b0bb173b89930c45702c,77af2e36d3f1b5cf9432225a069bec30ba9ea440e6f5ca443696485bd5dadc24,6eabc5b3533974b064243c7be0b85161340ed89dfbe9f8a990ef4784616c3aa3,8f22513f634ce9e00c10f831c6237d4a2c63bc39ed91de9b52fb367c31b7e3a8,600,NOT_SAVED_USER_DIRECTED
C45678,7,374a66e7102f4a8dc35acf6c3cc5163c4d78df18346fa71637c9d35bff209d80,5a7f5b8b0cef5b40b77fba3b08009710686963823d2dc482840452a93a773032,6648c096b617f8870a9321a71a87f720552ba0698d444eaeb5ef7b4cdacf9118,36ed94c99c601b141ef24ad0ed0a0a8966816f020d570cb87dd906b9fae986cd,54acd45c7a628f84f6ca5600c104d0086f9e2b81eaa1163202508ea45c1793d7,ce2112a1a7c9b3708548020a36d68c6d3ef7f1ac4a934a28a0ce2e9a9b28b6f6,f4f7439328aabc2b981f04b7fd9e1f61911b918071240f7ddbe6c9ded88fb2b7,700,NOT_SAVED_USER_DIRECTED
C45678,8,5a7f5b8b0cef5b40b77fba3b08009710686963823d2dc482840452a93a773032,dffbb51e99812c09fcba8bc292b54d6499058e42c5ae0100412d171dbabdc022,9c5a0f2c07e2ddc25fff8b678d561999aa7136ba571a8b1d0cc82495f30ff807,4999a0dddc02e2e0cb1e2ae1050db54506147698066d7b4058336dd38224c0b6,791ee445fc5badf7c7dc97952f58d9743832472e1e520e4aa8690cd3ce4d6271,a53ec4631e4510c1a87b0346559ee5691586cecc6341212d764ea59d581ff8bb,89b86b48cb51ad045529c9f514e7c49e5be979673208e6dfa499f0cb80952225,800,NOT_SAVED_USER_DIRECTED
C45678,9,dffbb51e99812c09fcba8bc292b54d6499058e42c5ae0100412d171dbabdc022,10eb7599f28ddff3467aa80845bcf19041fbbd6ce8cfbd4b43676bd3c565de0d,27c45cf9ee67cfc36b81df97e9e04c6b5038197380ebc384b12e445b072ac5cd,8e6bee9771ee5cc0a60f229c51c079481272e2ba2ed4f79a3edd3daaf82d2b2e,432bca8e9a72b2425ee2d18c72d0ec4175c4d442f72dc9cc5ae7f866fea7e6a5,065e3bd3cf9722d1f4c9b9a94f5501d93141e54ebaa383189884fa126aec66bc,a013ab81dbaa5adf6ad71849c3431fb4335299fc2a8ccfca749dc9c3029dce9b,900,NOT_SAVED_USER_DIRECTED
C45678,10,10eb7599f28ddff3467aa80845bcf19041fbbd6ce8cfbd4b43676bd3c565de0d,b4ede8ab02e673af58e772c91f66bc91d232d28599fdfc8b9bddf5841803a47d,87c25f7f57209b1ac224bd3b0097a06fc5418e71f1c97808c3df1a4290d826e3,94b941068a15385553710452483f6fdb14cf0ed1276f802d2632ef45d729c244,0ce1af2665c547a4aa57591670e8dee48d760f338a582097594edad66da7ba63,84d20b58bdb9214c37ed48986fcd33a85668e024c1302d1b3c8bea97646bcd79,a73599de2a8ff8faee90aae0e95121fd6a246d7d80e523cc5742116ddec419ba,1000,NOT_SAVED_USER_DIRECTED
