arm,batch,contrast,metric,denominator,before,after,lost,gained,twoP_denominator,twoP_before,twoP_after,twoP_lost,twoP_gained,reference
N4,1,ENTRY_TO_ATWRITE,RS,100,0,100,0,100,,,,,,
N4,1,ATWRITE_TO_W10,RS,100,100,99,1,0,,,,,,
N4,1,ENTRY_TO_ATWRITE,PS,200,0,125,0,125,100,0,44,0,44,
N4,1,ATWRITE_TO_W10,PS,200,125,132,6,13,100,44,49,3,8,
N4,1,ENTRY_TO_ATWRITE,NS,1000,171,160,19,8,,,,,,
N4,1,ATWRITE_TO_W10,NS,1000,160,148,38,26,,,,,,
N4,2,ENTRY_TO_ATWRITE,RS,100,0,100,0,100,,,,,,
N4,2,ATWRITE_TO_W10,RS,100,100,97,3,0,,,,,,
N4,2,ENTRY_TO_ATWRITE,PS,200,1,132,0,131,100,0,54,0,54,
N4,2,ATWRITE_TO_W10,PS,200,132,141,1,10,100,54,57,1,4,
N4,2,ENTRY_TO_ATWRITE,NS,1000,186,191,8,13,,,,,,
N4,2,ATWRITE_TO_W10,NS,1000,191,173,56,38,,,,,,
N4,3,ENTRY_TO_ATWRITE,RS,100,1,100,0,99,,,,,,
N4,3,ATWRITE_TO_W10,RS,100,100,99,1,0,,,,,,
N4,3,ENTRY_TO_ATWRITE,PS,200,2,126,0,124,100,0,45,0,45,
N4,3,ATWRITE_TO_W10,PS,200,126,130,4,8,100,45,47,1,3,
N4,3,ENTRY_TO_ATWRITE,NS,1000,164,171,5,12,,,,,,
N4,3,ATWRITE_TO_W10,NS,1000,171,136,55,20,,,,,,
N4,4,ENTRY_TO_ATWRITE,RS,100,1,100,0,99,,,,,,
N4,4,ATWRITE_TO_W10,RS,100,100,100,0,0,,,,,,
N4,4,ENTRY_TO_ATWRITE,PS,200,1,150,0,149,100,0,59,0,59,
N4,4,ATWRITE_TO_W10,PS,200,150,151,1,2,100,59,59,1,1,
N4,4,ENTRY_TO_ATWRITE,NS,1000,200,188,25,13,,,,,,
N4,4,ATWRITE_TO_W10,NS,1000,188,156,52,20,,,,,,
N4,5,ENTRY_TO_ATWRITE,RS,100,2,100,0,98,,,,,,
N4,5,ATWRITE_TO_W10,RS,100,100,100,0,0,,,,,,
N4,5,ENTRY_TO_ATWRITE,PS,200,2,125,0,123,100,1,46,0,45,
N4,5,ATWRITE_TO_W10,PS,200,125,124,5,4,100,46,48,2,4,
N4,5,ENTRY_TO_ATWRITE,NS,1000,251,239,20,8,,,,,,
N4,5,ATWRITE_TO_W10,NS,1000,239,196,64,21,,,,,,
N4,6,ENTRY_TO_ATWRITE,RS,100,0,100,0,100,,,,,,
N4,6,ATWRITE_TO_W10,RS,100,100,100,0,0,,,,,,
N4,6,ENTRY_TO_ATWRITE,PS,200,0,119,0,119,100,0,42,0,42,
N4,6,ATWRITE_TO_W10,PS,200,119,118,1,0,100,42,41,1,0,
N4,6,ENTRY_TO_ATWRITE,NS,1000,159,157,13,11,,,,,,
N4,6,ATWRITE_TO_W10,NS,1000,157,135,36,14,,,,,,
N4,7,ENTRY_TO_ATWRITE,RS,100,0,100,0,100,,,,,,
N4,7,ATWRITE_TO_W10,RS,100,100,100,0,0,,,,,,
N4,7,ENTRY_TO_ATWRITE,PS,200,3,151,0,148,100,0,61,0,61,
N4,7,ATWRITE_TO_W10,PS,200,151,149,2,0,100,61,60,1,0,
N4,7,ENTRY_TO_ATWRITE,NS,1000,249,234,29,14,,,,,,
N4,7,ATWRITE_TO_W10,NS,1000,234,210,44,20,,,,,,
N4,8,ENTRY_TO_ATWRITE,RS,100,1,100,0,99,,,,,,
N4,8,ATWRITE_TO_W10,RS,100,100,99,1,0,,,,,,
N4,8,ENTRY_TO_ATWRITE,PS,200,1,138,0,137,100,0,53,0,53,
N4,8,ATWRITE_TO_W10,PS,200,138,133,6,1,100,53,49,4,0,
N4,8,ENTRY_TO_ATWRITE,NS,1000,215,206,15,6,,,,,,
N4,8,ATWRITE_TO_W10,NS,1000,206,205,17,16,,,,,,
N4,9,ENTRY_TO_ATWRITE,RS,100,1,100,0,99,,,,,,
N4,9,ATWRITE_TO_W10,RS,100,100,100,0,0,,,,,,
N4,9,ENTRY_TO_ATWRITE,PS,200,3,146,0,143,100,0,56,0,56,
N4,9,ATWRITE_TO_W10,PS,200,146,148,0,2,100,56,56,0,0,
N4,9,ENTRY_TO_ATWRITE,NS,1000,242,212,39,9,,,,,,
N4,9,ATWRITE_TO_W10,NS,1000,212,207,18,13,,,,,,
N4,10,ENTRY_TO_ATWRITE,RS,100,2,99,0,97,,,,,,
N4,10,ATWRITE_TO_W10,RS,100,99,99,0,0,,,,,,
N4,10,ENTRY_TO_ATWRITE,PS,200,0,128,0,128,100,0,47,0,47,
N4,10,ATWRITE_TO_W10,PS,200,128,128,0,0,100,47,47,0,0,
N4,10,ENTRY_TO_ATWRITE,NS,1000,206,195,19,8,,,,,,
N4,10,ATWRITE_TO_W10,NS,1000,195,195,0,0,,,,,,
N4,,POOLED_ATWRITE_TO_W10,RS,1000,999,993,6,0,,,,,,
N4,,W5_FIRST500_TO_W10_SAME500,RS,500,499,495,4,0,,,,,,
N4,,POOLED_ATWRITE_TO_W10,PS,2000,1340,1354,26,40,1000,507,513,14,20,
N4,,W5_FIRST500_TO_W10_SAME500,PS,1000,665,678,19,32,500,249,260,8,19,
N4,,POOLED_ATWRITE_TO_W10,NS,10000,1953,1761,380,188,,,,,,
N4,,W5_FIRST500_TO_W10_SAME500,NS,5000,931,809,223,101,,,,,,
REFIT4,1,ENTRY_TO_ATWRITE,RS,100,0,100,0,100,,,,,,
REFIT4,1,ATWRITE_TO_W10,RS,100,100,99,1,0,,,,,,
REFIT4,1,ENTRY_TO_ATWRITE,PS,200,0,127,0,127,100,0,43,0,43,
REFIT4,1,ATWRITE_TO_W10,PS,200,127,132,5,10,100,43,47,2,6,
REFIT4,1,ENTRY_TO_ATWRITE,NS,1000,171,166,13,8,,,,,,
REFIT4,1,ATWRITE_TO_W10,NS,1000,166,159,39,32,,,,,,
REFIT4,2,ENTRY_TO_ATWRITE,RS,100,0,100,0,100,,,,,,
REFIT4,2,ATWRITE_TO_W10,RS,100,100,100,0,0,,,,,,
REFIT4,2,ENTRY_TO_ATWRITE,PS,200,1,128,0,127,100,0,46,0,46,
REFIT4,2,ATWRITE_TO_W10,PS,200,128,134,3,9,100,46,52,1,7,
REFIT4,2,ENTRY_TO_ATWRITE,NS,1000,188,181,14,7,,,,,,
REFIT4,2,ATWRITE_TO_W10,NS,1000,181,186,34,39,,,,,,
REFIT4,3,ENTRY_TO_ATWRITE,RS,100,1,100,0,99,,,,,,
REFIT4,3,ATWRITE_TO_W10,RS,100,100,100,0,0,,,,,,
REFIT4,3,ENTRY_TO_ATWRITE,PS,200,2,113,0,111,100,0,36,0,36,
REFIT4,3,ATWRITE_TO_W10,PS,200,113,118,1,6,100,36,38,1,3,
REFIT4,3,ENTRY_TO_ATWRITE,NS,1000,169,171,3,5,,,,,,
REFIT4,3,ATWRITE_TO_W10,NS,1000,171,153,41,23,,,,,,
REFIT4,4,ENTRY_TO_ATWRITE,RS,100,1,100,0,99,,,,,,
REFIT4,4,ATWRITE_TO_W10,RS,100,100,100,0,0,,,,,,
REFIT4,4,ENTRY_TO_ATWRITE,PS,200,1,143,0,142,100,0,53,0,53,
REFIT4,4,ATWRITE_TO_W10,PS,200,143,142,5,4,100,53,50,4,1,
REFIT4,4,ENTRY_TO_ATWRITE,NS,1000,197,192,12,7,,,,,,
REFIT4,4,ATWRITE_TO_W10,NS,1000,192,182,35,25,,,,,,
REFIT4,5,ENTRY_TO_ATWRITE,RS,100,3,100,0,97,,,,,,
REFIT4,5,ATWRITE_TO_W10,RS,100,100,100,0,0,,,,,,
REFIT4,5,ENTRY_TO_ATWRITE,PS,200,1,112,0,111,100,0,41,0,41,
REFIT4,5,ATWRITE_TO_W10,PS,200,112,113,4,5,100,41,39,4,2,
REFIT4,5,ENTRY_TO_ATWRITE,NS,1000,255,247,18,10,,,,,,
REFIT4,5,ATWRITE_TO_W10,NS,1000,247,223,42,18,,,,,,
REFIT4,6,ENTRY_TO_ATWRITE,RS,100,1,100,0,99,,,,,,
REFIT4,6,ATWRITE_TO_W10,RS,100,100,100,0,0,,,,,,
REFIT4,6,ENTRY_TO_ATWRITE,PS,200,0,113,0,113,100,0,39,0,39,
REFIT4,6,ATWRITE_TO_W10,PS,200,113,114,2,3,100,39,40,0,1,
REFIT4,6,ENTRY_TO_ATWRITE,NS,1000,161,152,12,3,,,,,,
REFIT4,6,ATWRITE_TO_W10,NS,1000,152,137,25,10,,,,,,
REFIT4,7,ENTRY_TO_ATWRITE,RS,100,1,100,0,99,,,,,,
REFIT4,7,ATWRITE_TO_W10,RS,100,100,100,0,0,,,,,,
REFIT4,7,ENTRY_TO_ATWRITE,PS,200,2,144,0,142,100,0,55,0,55,
REFIT4,7,ATWRITE_TO_W10,PS,200,144,146,2,4,100,55,56,1,2,
REFIT4,7,ENTRY_TO_ATWRITE,NS,1000,273,255,31,13,,,,,,
REFIT4,7,ATWRITE_TO_W10,NS,1000,255,246,24,15,,,,,,
REFIT4,8,ENTRY_TO_ATWRITE,RS,100,1,100,0,99,,,,,,
REFIT4,8,ATWRITE_TO_W10,RS,100,100,99,1,0,,,,,,
REFIT4,8,ENTRY_TO_ATWRITE,PS,200,0,129,0,129,100,0,49,0,49,
REFIT4,8,ATWRITE_TO_W10,PS,200,129,129,3,3,100,49,50,2,3,
REFIT4,8,ENTRY_TO_ATWRITE,NS,1000,223,218,12,7,,,,,,
REFIT4,8,ATWRITE_TO_W10,NS,1000,218,222,10,14,,,,,,
REFIT4,9,ENTRY_TO_ATWRITE,RS,100,2,100,0,98,,,,,,
REFIT4,9,ATWRITE_TO_W10,RS,100,100,100,0,0,,,,,,
REFIT4,9,ENTRY_TO_ATWRITE,PS,200,5,142,0,137,100,1,53,0,52,
REFIT4,9,ATWRITE_TO_W10,PS,200,142,144,0,2,100,53,54,0,1,
REFIT4,9,ENTRY_TO_ATWRITE,NS,1000,237,226,19,8,,,,,,
REFIT4,9,ATWRITE_TO_W10,NS,1000,226,221,14,9,,,,,,
REFIT4,10,ENTRY_TO_ATWRITE,RS,100,2,100,0,98,,,,,,
REFIT4,10,ATWRITE_TO_W10,RS,100,100,100,0,0,,,,,,
REFIT4,10,ENTRY_TO_ATWRITE,PS,200,0,135,0,135,100,0,50,0,50,
REFIT4,10,ATWRITE_TO_W10,PS,200,135,135,0,0,100,50,50,0,0,
REFIT4,10,ENTRY_TO_ATWRITE,NS,1000,194,187,15,8,,,,,,
REFIT4,10,ATWRITE_TO_W10,NS,1000,187,187,0,0,,,,,,
REFIT4,,POOLED_ATWRITE_TO_W10,RS,1000,1000,998,2,0,,,,,,
REFIT4,,W5_FIRST500_TO_W10_SAME500,RS,500,500,499,1,0,,,,,,
REFIT4,,POOLED_ATWRITE_TO_W10,PS,2000,1286,1307,25,46,1000,465,476,15,26,
REFIT4,,W5_FIRST500_TO_W10_SAME500,PS,1000,627,639,18,30,500,224,226,13,15,
REFIT4,,POOLED_ATWRITE_TO_W10,NS,10000,1995,1916,264,185,,,,,,
REFIT4,,W5_FIRST500_TO_W10_SAME500,NS,5000,950,903,162,115,,,,,,
L75,1,ENTRY_TO_ATWRITE,RS,100,0,100,0,100,,,,,,
L75,1,ATWRITE_TO_W10,RS,100,100,99,1,0,,,,,,
L75,1,ENTRY_TO_ATWRITE,PS,200,0,127,0,127,100,0,42,0,42,
L75,1,ATWRITE_TO_W10,PS,200,127,135,3,11,100,42,49,1,8,
L75,1,ENTRY_TO_ATWRITE,NS,1000,171,159,18,6,,,,,,
L75,1,ATWRITE_TO_W10,NS,1000,159,162,33,36,,,,,,
L75,2,ENTRY_TO_ATWRITE,RS,100,0,100,0,100,,,,,,
L75,2,ATWRITE_TO_W10,RS,100,100,100,0,0,,,,,,
L75,2,ENTRY_TO_ATWRITE,PS,200,1,127,0,126,100,0,49,0,49,
L75,2,ATWRITE_TO_W10,PS,200,127,132,3,8,100,49,50,2,3,
L75,2,ENTRY_TO_ATWRITE,NS,1000,189,187,9,7,,,,,,
L75,2,ATWRITE_TO_W10,NS,1000,187,180,40,33,,,,,,
L75,3,ENTRY_TO_ATWRITE,RS,100,1,100,0,99,,,,,,
L75,3,ATWRITE_TO_W10,RS,100,100,100,0,0,,,,,,
L75,3,ENTRY_TO_ATWRITE,PS,200,2,117,0,115,100,0,41,0,41,
L75,3,ATWRITE_TO_W10,PS,200,117,122,2,7,100,41,45,1,5,
L75,3,ENTRY_TO_ATWRITE,NS,1000,161,164,6,9,,,,,,
L75,3,ATWRITE_TO_W10,NS,1000,164,159,36,31,,,,,,
L75,4,ENTRY_TO_ATWRITE,RS,100,1,100,0,99,,,,,,
L75,4,ATWRITE_TO_W10,RS,100,100,100,0,0,,,,,,
L75,4,ENTRY_TO_ATWRITE,PS,200,0,148,0,148,100,0,57,0,57,
L75,4,ATWRITE_TO_W10,PS,200,148,149,3,4,100,57,58,3,4,
L75,4,ENTRY_TO_ATWRITE,NS,1000,210,197,22,9,,,,,,
L75,4,ATWRITE_TO_W10,NS,1000,197,181,43,27,,,,,,
L75,5,ENTRY_TO_ATWRITE,RS,100,2,100,0,98,,,,,,
L75,5,ATWRITE_TO_W10,RS,100,100,100,0,0,,,,,,
L75,5,ENTRY_TO_ATWRITE,PS,200,0,126,0,126,100,0,46,0,46,
L75,5,ATWRITE_TO_W10,PS,200,126,124,5,3,100,46,45,3,2,
L75,5,ENTRY_TO_ATWRITE,NS,1000,245,235,22,12,,,,,,
L75,5,ATWRITE_TO_W10,NS,1000,235,214,41,20,,,,,,
L75,6,ENTRY_TO_ATWRITE,RS,100,0,100,0,100,,,,,,
L75,6,ATWRITE_TO_W10,RS,100,100,100,0,0,,,,,,
L75,6,ENTRY_TO_ATWRITE,PS,200,0,124,0,124,100,0,46,0,46,
L75,6,ATWRITE_TO_W10,PS,200,124,129,0,5,100,46,48,0,2,
L75,6,ENTRY_TO_ATWRITE,NS,1000,159,158,7,6,,,,,,
L75,6,ATWRITE_TO_W10,NS,1000,158,149,16,7,,,,,,
L75,7,ENTRY_TO_ATWRITE,RS,100,1,100,0,99,,,,,,
L75,7,ATWRITE_TO_W10,RS,100,100,100,0,0,,,,,,
L75,7,ENTRY_TO_ATWRITE,PS,200,2,147,0,145,100,0,58,0,58,
L75,7,ATWRITE_TO_W10,PS,200,147,146,1,0,100,58,58,0,0,
L75,7,ENTRY_TO_ATWRITE,NS,1000,260,254,26,20,,,,,,
L75,7,ATWRITE_TO_W10,NS,1000,254,244,30,20,,,,,,
L75,8,ENTRY_TO_ATWRITE,RS,100,1,100,0,99,,,,,,
L75,8,ATWRITE_TO_W10,RS,100,100,99,1,0,,,,,,
L75,8,ENTRY_TO_ATWRITE,PS,200,3,131,0,128,100,0,47,0,47,
L75,8,ATWRITE_TO_W10,PS,200,131,131,3,3,100,47,46,1,0,
L75,8,ENTRY_TO_ATWRITE,NS,1000,214,201,21,8,,,,,,
L75,8,ATWRITE_TO_W10,NS,1000,201,211,8,18,,,,,,
L75,9,ENTRY_TO_ATWRITE,RS,100,1,100,0,99,,,,,,
L75,9,ATWRITE_TO_W10,RS,100,100,100,0,0,,,,,,
L75,9,ENTRY_TO_ATWRITE,PS,200,2,143,0,141,100,0,53,0,53,
L75,9,ATWRITE_TO_W10,PS,200,143,142,4,3,100,53,52,3,2,
L75,9,ENTRY_TO_ATWRITE,NS,1000,244,222,35,13,,,,,,
L75,9,ATWRITE_TO_W10,NS,1000,222,226,8,12,,,,,,
L75,10,ENTRY_TO_ATWRITE,RS,100,2,100,0,98,,,,,,
L75,10,ATWRITE_TO_W10,RS,100,100,100,0,0,,,,,,
L75,10,ENTRY_TO_ATWRITE,PS,200,0,126,0,126,100,0,47,0,47,
L75,10,ATWRITE_TO_W10,PS,200,126,126,0,0,100,47,47,0,0,
L75,10,ENTRY_TO_ATWRITE,NS,1000,205,201,14,10,,,,,,
L75,10,ATWRITE_TO_W10,NS,1000,201,201,0,0,,,,,,
L75,,POOLED_ATWRITE_TO_W10,RS,1000,1000,998,2,0,,,,,,
L75,,W5_FIRST500_TO_W10_SAME500,RS,500,500,499,1,0,,,,,,
L75,,POOLED_ATWRITE_TO_W10,PS,2000,1316,1336,24,44,1000,486,498,14,26,
L75,,W5_FIRST500_TO_W10_SAME500,PS,1000,655,662,19,26,500,243,247,14,18,
L75,,POOLED_ATWRITE_TO_W10,NS,10000,1978,1927,255,204,,,,,,
L75,,W5_FIRST500_TO_W10_SAME500,NS,5000,948,896,155,103,,,,,,
T75,1,ENTRY_TO_ATWRITE,RS,100,0,100,0,100,,,,,,
T75,1,ATWRITE_TO_W10,RS,100,100,97,3,0,,,,,,
T75,1,ENTRY_TO_ATWRITE,PS,200,0,143,0,143,100,0,58,0,58,
T75,1,ATWRITE_TO_W10,PS,200,143,134,13,4,100,58,53,7,2,
T75,1,ENTRY_TO_ATWRITE,NS,1000,171,163,25,17,,,,,,
T75,1,ATWRITE_TO_W10,NS,1000,163,109,92,38,,,,,,
T75,2,ENTRY_TO_ATWRITE,RS,100,0,100,0,100,,,,,,
T75,2,ATWRITE_TO_W10,RS,100,100,97,3,0,,,,,,
T75,2,ENTRY_TO_ATWRITE,PS,200,1,142,0,141,100,0,57,0,57,
T75,2,ATWRITE_TO_W10,PS,200,142,139,9,6,100,57,56,5,4,
T75,2,ENTRY_TO_ATWRITE,NS,1000,205,207,19,21,,,,,,
T75,2,ATWRITE_TO_W10,NS,1000,207,148,104,45,,,,,,
T75,3,ENTRY_TO_ATWRITE,RS,100,0,100,0,100,,,,,,
T75,3,ATWRITE_TO_W10,RS,100,100,99,1,0,,,,,,
T75,3,ENTRY_TO_ATWRITE,PS,200,2,133,0,131,100,0,50,0,50,
T75,3,ATWRITE_TO_W10,PS,200,133,134,8,9,100,50,51,5,6,
T75,3,ENTRY_TO_ATWRITE,NS,1000,181,176,21,16,,,,,,
T75,3,ATWRITE_TO_W10,NS,1000,176,139,75,38,,,,,,
T75,4,ENTRY_TO_ATWRITE,RS,100,0,100,0,100,,,,,,
T75,4,ATWRITE_TO_W10,RS,100,100,100,0,0,,,,,,
T75,4,ENTRY_TO_ATWRITE,PS,200,3,162,0,159,100,0,68,0,68,
T75,4,ATWRITE_TO_W10,PS,200,162,156,9,3,100,68,62,9,3,
T75,4,ENTRY_TO_ATWRITE,NS,1000,219,205,31,17,,,,,,
T75,4,ATWRITE_TO_W10,NS,1000,205,154,89,38,,,,,,
T75,5,ENTRY_TO_ATWRITE,RS,100,1,100,0,99,,,,,,
T75,5,ATWRITE_TO_W10,RS,100,100,100,0,0,,,,,,
T75,5,ENTRY_TO_ATWRITE,PS,200,2,150,0,148,100,1,60,0,59,
T75,5,ATWRITE_TO_W10,PS,200,150,148,3,1,100,60,58,3,1,
T75,5,ENTRY_TO_ATWRITE,NS,1000,239,219,43,23,,,,,,
T75,5,ATWRITE_TO_W10,NS,1000,219,152,99,32,,,,,,
T75,6,ENTRY_TO_ATWRITE,RS,100,0,100,0,100,,,,,,
T75,6,ATWRITE_TO_W10,RS,100,100,100,0,0,,,,,,
T75,6,ENTRY_TO_ATWRITE,PS,200,0,148,0,148,100,0,59,0,59,
T75,6,ATWRITE_TO_W10,PS,200,148,148,6,6,100,59,60,3,4,
T75,6,ENTRY_TO_ATWRITE,NS,1000,171,156,30,15,,,,,,
T75,6,ATWRITE_TO_W10,NS,1000,156,115,57,16,,,,,,
T75,7,ENTRY_TO_ATWRITE,RS,100,5,100,0,95,,,,,,
T75,7,ATWRITE_TO_W10,RS,100,100,99,1,0,,,,,,
T75,7,ENTRY_TO_ATWRITE,PS,200,3,152,1,150,100,1,60,0,59,
T75,7,ATWRITE_TO_W10,PS,200,152,150,6,4,100,60,60,4,4,
T75,7,ENTRY_TO_ATWRITE,NS,1000,237,215,44,22,,,,,,
T75,7,ATWRITE_TO_W10,NS,1000,215,173,62,20,,,,,,
T75,8,ENTRY_TO_ATWRITE,RS,100,0,100,0,100,,,,,,
T75,8,ATWRITE_TO_W10,RS,100,100,99,1,0,,,,,,
T75,8,ENTRY_TO_ATWRITE,PS,200,6,159,0,153,100,1,68,0,67,
T75,8,ATWRITE_TO_W10,PS,200,159,153,7,1,100,68,64,5,1,
T75,8,ENTRY_TO_ATWRITE,NS,1000,202,173,43,14,,,,,,
T75,8,ATWRITE_TO_W10,NS,1000,173,157,42,26,,,,,,
T75,9,ENTRY_TO_ATWRITE,RS,100,3,100,0,97,,,,,,
T75,9,ATWRITE_TO_W10,RS,100,100,100,0,0,,,,,,
T75,9,ENTRY_TO_ATWRITE,PS,200,5,162,0,157,100,2,68,0,66,
T75,9,ATWRITE_TO_W10,PS,200,162,163,2,3,100,68,69,2,3,
T75,9,ENTRY_TO_ATWRITE,NS,1000,209,170,54,15,,,,,,
T75,9,ATWRITE_TO_W10,NS,1000,170,155,23,8,,,,,,
T75,10,ENTRY_TO_ATWRITE,RS,100,2,100,0,98,,,,,,
T75,10,ATWRITE_TO_W10,RS,100,100,100,0,0,,,,,,
T75,10,ENTRY_TO_ATWRITE,PS,200,3,140,0,137,100,1,57,0,56,
T75,10,ATWRITE_TO_W10,PS,200,140,140,0,0,100,57,57,0,0,
T75,10,ENTRY_TO_ATWRITE,NS,1000,169,154,26,11,,,,,,
T75,10,ATWRITE_TO_W10,NS,1000,154,154,0,0,,,,,,
T75,,POOLED_ATWRITE_TO_W10,RS,1000,1000,991,9,0,,,,,,
T75,,W5_FIRST500_TO_W10_SAME500,RS,500,500,493,7,0,,,,,,
T75,,POOLED_ATWRITE_TO_W10,PS,2000,1491,1465,63,37,1000,605,590,43,28,
T75,,W5_FIRST500_TO_W10_SAME500,PS,1000,724,711,37,24,500,288,280,24,16,
T75,,POOLED_ATWRITE_TO_W10,NS,10000,1838,1456,643,261,,,,,,
T75,,W5_FIRST500_TO_W10_SAME500,NS,5000,935,702,385,152,,,,,,
L4D,1,ENTRY_TO_ATWRITE,RS,100,0,100,0,100,,,,,,
L4D,1,ATWRITE_TO_W10,RS,100,100,99,1,0,,,,,,
L4D,1,ENTRY_TO_ATWRITE,PS,200,0,125,0,125,100,0,44,0,44,
L4D,1,ATWRITE_TO_W10,PS,200,125,133,5,13,100,44,49,3,8,
L4D,1,ENTRY_TO_ATWRITE,NS,1000,171,160,19,8,,,,,,
L4D,1,ATWRITE_TO_W10,NS,1000,160,150,38,28,,,,,,
L4D,2,ENTRY_TO_ATWRITE,RS,100,0,100,0,100,,,,,,
L4D,2,ATWRITE_TO_W10,RS,100,100,97,3,0,,,,,,
L4D,2,ENTRY_TO_ATWRITE,PS,200,1,132,0,131,100,0,54,0,54,
L4D,2,ATWRITE_TO_W10,PS,200,132,141,1,10,100,54,57,1,4,
L4D,2,ENTRY_TO_ATWRITE,NS,1000,186,191,8,13,,,,,,
L4D,2,ATWRITE_TO_W10,NS,1000,191,178,53,40,,,,,,
L4D,3,ENTRY_TO_ATWRITE,RS,100,1,100,0,99,,,,,,
L4D,3,ATWRITE_TO_W10,RS,100,100,99,1,0,,,,,,
L4D,3,ENTRY_TO_ATWRITE,PS,200,2,126,0,124,100,0,45,0,45,
L4D,3,ATWRITE_TO_W10,PS,200,126,130,5,9,100,45,47,2,4,
L4D,3,ENTRY_TO_ATWRITE,NS,1000,164,171,5,12,,,,,,
L4D,3,ATWRITE_TO_W10,NS,1000,171,141,50,20,,,,,,
L4D,4,ENTRY_TO_ATWRITE,RS,100,1,100,0,99,,,,,,
L4D,4,ATWRITE_TO_W10,RS,100,100,100,0,0,,,,,,
L4D,4,ENTRY_TO_ATWRITE,PS,200,1,150,0,149,100,0,59,0,59,
L4D,4,ATWRITE_TO_W10,PS,200,150,150,2,2,100,59,58,2,1,
L4D,4,ENTRY_TO_ATWRITE,NS,1000,200,188,25,13,,,,,,
L4D,4,ATWRITE_TO_W10,NS,1000,188,159,51,22,,,,,,
L4D,5,ENTRY_TO_ATWRITE,RS,100,2,100,0,98,,,,,,
L4D,5,ATWRITE_TO_W10,RS,100,100,100,0,0,,,,,,
L4D,5,ENTRY_TO_ATWRITE,PS,200,2,125,0,123,100,1,46,0,45,
L4D,5,ATWRITE_TO_W10,PS,200,125,125,4,4,100,46,47,2,3,
L4D,5,ENTRY_TO_ATWRITE,NS,1000,251,239,20,8,,,,,,
L4D,5,ATWRITE_TO_W10,NS,1000,239,199,63,23,,,,,,
L4D,6,ENTRY_TO_ATWRITE,RS,100,0,100,0,100,,,,,,
L4D,6,ATWRITE_TO_W10,RS,100,100,100,0,0,,,,,,
L4D,6,ENTRY_TO_ATWRITE,PS,200,0,119,0,119,100,0,42,0,42,
L4D,6,ATWRITE_TO_W10,PS,200,119,119,0,0,100,42,42,0,0,
L4D,6,ENTRY_TO_ATWRITE,NS,1000,159,157,13,11,,,,,,
L4D,6,ATWRITE_TO_W10,NS,1000,157,136,31,10,,,,,,
L4D,7,ENTRY_TO_ATWRITE,RS,100,0,100,0,100,,,,,,
L4D,7,ATWRITE_TO_W10,RS,100,100,100,0,0,,,,,,
L4D,7,ENTRY_TO_ATWRITE,PS,200,3,151,0,148,100,0,61,0,61,
L4D,7,ATWRITE_TO_W10,PS,200,151,152,0,1,100,61,61,0,0,
L4D,7,ENTRY_TO_ATWRITE,NS,1000,249,234,29,14,,,,,,
L4D,7,ATWRITE_TO_W10,NS,1000,234,210,42,18,,,,,,
L4D,8,ENTRY_TO_ATWRITE,RS,100,1,100,0,99,,,,,,
L4D,8,ATWRITE_TO_W10,RS,100,100,99,1,0,,,,,,
L4D,8,ENTRY_TO_ATWRITE,PS,200,1,122,0,121,100,0,44,0,44,
L4D,8,ATWRITE_TO_W10,PS,200,122,119,4,1,100,44,43,1,0,
L4D,8,ENTRY_TO_ATWRITE,NS,1000,215,210,11,6,,,,,,
L4D,8,ATWRITE_TO_W10,NS,1000,210,206,16,12,,,,,,
L4D,9,ENTRY_TO_ATWRITE,RS,100,1,100,0,99,,,,,,
L4D,9,ATWRITE_TO_W10,RS,100,100,100,0,0,,,,,,
L4D,9,ENTRY_TO_ATWRITE,PS,200,3,148,0,145,100,0,56,0,56,
L4D,9,ATWRITE_TO_W10,PS,200,148,147,2,1,100,56,56,1,1,
L4D,9,ENTRY_TO_ATWRITE,NS,1000,243,211,39,7,,,,,,
L4D,9,ATWRITE_TO_W10,NS,1000,211,212,12,13,,,,,,
L4D,10,ENTRY_TO_ATWRITE,RS,100,2,99,0,97,,,,,,
L4D,10,ATWRITE_TO_W10,RS,100,99,99,0,0,,,,,,
L4D,10,ENTRY_TO_ATWRITE,PS,200,0,130,0,130,100,0,48,0,48,
L4D,10,ATWRITE_TO_W10,PS,200,130,130,0,0,100,48,48,0,0,
L4D,10,ENTRY_TO_ATWRITE,NS,1000,204,195,17,8,,,,,,
L4D,10,ATWRITE_TO_W10,NS,1000,195,195,0,0,,,,,,
L4D,,POOLED_ATWRITE_TO_W10,RS,1000,999,993,6,0,,,,,,
L4D,,W5_FIRST500_TO_W10_SAME500,RS,500,499,495,4,0,,,,,,
L4D,,POOLED_ATWRITE_TO_W10,PS,2000,1328,1346,23,41,1000,499,508,12,21,
L4D,,W5_FIRST500_TO_W10_SAME500,PS,1000,665,679,18,32,500,249,258,9,18,
L4D,,POOLED_ATWRITE_TO_W10,NS,10000,1956,1786,356,186,,,,,,
L4D,,W5_FIRST500_TO_W10_SAME500,NS,5000,931,827,214,110,,,,,,
LD,1,ENTRY_TO_ATWRITE,RS,100,0,100,0,100,,,,,,
LD,1,ATWRITE_TO_W10,RS,100,100,99,1,0,,,,,,
LD,1,ENTRY_TO_ATWRITE,PS,200,0,121,0,121,100,0,39,0,39,
LD,1,ATWRITE_TO_W10,PS,200,121,130,4,13,100,39,47,0,8,
LD,1,ENTRY_TO_ATWRITE,NS,1000,171,165,12,6,,,,,,
LD,1,ATWRITE_TO_W10,NS,1000,165,159,31,25,,,,,,
LD,2,ENTRY_TO_ATWRITE,RS,100,0,100,0,100,,,,,,
LD,2,ATWRITE_TO_W10,RS,100,100,99,1,0,,,,,,
LD,2,ENTRY_TO_ATWRITE,PS,200,1,119,0,118,100,0,44,0,44,
LD,2,ATWRITE_TO_W10,PS,200,119,122,1,4,100,44,45,0,1,
LD,2,ENTRY_TO_ATWRITE,NS,1000,192,191,9,8,,,,,,
LD,2,ATWRITE_TO_W10,NS,1000,191,190,35,34,,,,,,
LD,3,ENTRY_TO_ATWRITE,RS,100,1,100,0,99,,,,,,
LD,3,ATWRITE_TO_W10,RS,100,100,100,0,0,,,,,,
LD,3,ENTRY_TO_ATWRITE,PS,200,2,119,0,117,100,0,43,0,43,
LD,3,ATWRITE_TO_W10,PS,200,119,121,4,6,100,43,42,4,3,
LD,3,ENTRY_TO_ATWRITE,NS,1000,166,166,5,5,,,,,,
LD,3,ATWRITE_TO_W10,NS,1000,166,161,32,27,,,,,,
LD,4,ENTRY_TO_ATWRITE,RS,100,1,100,0,99,,,,,,
LD,4,ATWRITE_TO_W10,RS,100,100,100,0,0,,,,,,
LD,4,ENTRY_TO_ATWRITE,PS,200,2,153,0,151,100,0,62,0,62,
LD,4,ATWRITE_TO_W10,PS,200,153,157,1,5,100,62,64,1,3,
LD,4,ENTRY_TO_ATWRITE,NS,1000,203,182,27,6,,,,,,
LD,4,ATWRITE_TO_W10,NS,1000,182,176,36,30,,,,,,
LD,5,ENTRY_TO_ATWRITE,RS,100,2,100,0,98,,,,,,
LD,5,ATWRITE_TO_W10,RS,100,100,100,0,0,,,,,,
LD,5,ENTRY_TO_ATWRITE,PS,200,1,118,0,117,100,0,42,0,42,
LD,5,ATWRITE_TO_W10,PS,200,118,124,3,9,100,42,44,3,5,
LD,5,ENTRY_TO_ATWRITE,NS,1000,249,241,13,5,,,,,,
LD,5,ATWRITE_TO_W10,NS,1000,241,215,43,17,,,,,,
LD,6,ENTRY_TO_ATWRITE,RS,100,0,100,0,100,,,,,,
LD,6,ATWRITE_TO_W10,RS,100,100,100,0,0,,,,,,
LD,6,ENTRY_TO_ATWRITE,PS,200,0,117,0,117,100,0,40,0,40,
LD,6,ATWRITE_TO_W10,PS,200,117,120,1,4,100,40,41,1,2,
LD,6,ENTRY_TO_ATWRITE,NS,1000,158,159,7,8,,,,,,
LD,6,ATWRITE_TO_W10,NS,1000,159,153,14,8,,,,,,
LD,7,ENTRY_TO_ATWRITE,RS,100,0,100,0,100,,,,,,
LD,7,ATWRITE_TO_W10,RS,100,100,100,0,0,,,,,,
LD,7,ENTRY_TO_ATWRITE,PS,200,2,140,0,138,100,0,55,0,55,
LD,7,ATWRITE_TO_W10,PS,200,140,139,1,0,100,55,55,0,0,
LD,7,ENTRY_TO_ATWRITE,NS,1000,262,246,26,10,,,,,,
LD,7,ATWRITE_TO_W10,NS,1000,246,229,29,12,,,,,,
LD,8,ENTRY_TO_ATWRITE,RS,100,1,100,0,99,,,,,,
LD,8,ATWRITE_TO_W10,RS,100,100,99,1,0,,,,,,
LD,8,ENTRY_TO_ATWRITE,PS,200,2,130,0,128,100,0,46,0,46,
LD,8,ATWRITE_TO_W10,PS,200,130,131,1,2,100,46,46,0,0,
LD,8,ENTRY_TO_ATWRITE,NS,1000,214,214,12,12,,,,,,
LD,8,ATWRITE_TO_W10,NS,1000,214,210,14,10,,,,,,
LD,9,ENTRY_TO_ATWRITE,RS,100,2,100,0,98,,,,,,
LD,9,ATWRITE_TO_W10,RS,100,100,100,0,0,,,,,,
LD,9,ENTRY_TO_ATWRITE,PS,200,3,135,0,132,100,0,46,0,46,
LD,9,ATWRITE_TO_W10,PS,200,135,137,0,2,100,46,47,0,1,
LD,9,ENTRY_TO_ATWRITE,NS,1000,245,236,17,8,,,,,,
LD,9,ATWRITE_TO_W10,NS,1000,236,227,16,7,,,,,,
LD,10,ENTRY_TO_ATWRITE,RS,100,2,100,0,98,,,,,,
LD,10,ATWRITE_TO_W10,RS,100,100,100,0,0,,,,,,
LD,10,ENTRY_TO_ATWRITE,PS,200,0,128,0,128,100,0,48,0,48,
LD,10,ATWRITE_TO_W10,PS,200,128,128,0,0,100,48,48,0,0,
LD,10,ENTRY_TO_ATWRITE,NS,1000,213,198,24,9,,,,,,
LD,10,ATWRITE_TO_W10,NS,1000,198,198,0,0,,,,,,
LD,,POOLED_ATWRITE_TO_W10,RS,1000,1000,997,3,0,,,,,,
LD,,W5_FIRST500_TO_W10_SAME500,RS,500,500,498,2,0,,,,,,
LD,,POOLED_ATWRITE_TO_W10,PS,2000,1280,1309,16,45,1000,465,479,9,23,
LD,,W5_FIRST500_TO_W10_SAME500,PS,1000,629,654,6,31,500,229,242,4,17,
LD,,POOLED_ATWRITE_TO_W10,NS,10000,1998,1918,250,170,,,,,,
LD,,W5_FIRST500_TO_W10_SAME500,NS,5000,947,901,148,102,,,,,,
TD,1,ENTRY_TO_ATWRITE,RS,100,0,100,0,100,,,,,,
TD,1,ATWRITE_TO_W10,RS,100,100,99,1,0,,,,,,
TD,1,ENTRY_TO_ATWRITE,PS,200,0,125,0,125,100,0,44,0,44,
TD,1,ATWRITE_TO_W10,PS,200,125,132,6,13,100,44,49,3,8,
TD,1,ENTRY_TO_ATWRITE,NS,1000,171,160,19,8,,,,,,
TD,1,ATWRITE_TO_W10,NS,1000,160,148,38,26,,,,,,
TD,2,ENTRY_TO_ATWRITE,RS,100,0,100,0,100,,,,,,
TD,2,ATWRITE_TO_W10,RS,100,100,97,3,0,,,,,,
TD,2,ENTRY_TO_ATWRITE,PS,200,1,132,0,131,100,0,54,0,54,
TD,2,ATWRITE_TO_W10,PS,200,132,141,1,10,100,54,57,1,4,
TD,2,ENTRY_TO_ATWRITE,NS,1000,186,191,8,13,,,,,,
TD,2,ATWRITE_TO_W10,NS,1000,191,173,56,38,,,,,,
TD,3,ENTRY_TO_ATWRITE,RS,100,1,100,0,99,,,,,,
TD,3,ATWRITE_TO_W10,RS,100,100,99,1,0,,,,,,
TD,3,ENTRY_TO_ATWRITE,PS,200,2,126,0,124,100,0,45,0,45,
TD,3,ATWRITE_TO_W10,PS,200,126,130,4,8,100,45,47,1,3,
TD,3,ENTRY_TO_ATWRITE,NS,1000,164,171,5,12,,,,,,
TD,3,ATWRITE_TO_W10,NS,1000,171,136,55,20,,,,,,
TD,4,ENTRY_TO_ATWRITE,RS,100,1,100,0,99,,,,,,
TD,4,ATWRITE_TO_W10,RS,100,100,100,0,0,,,,,,
TD,4,ENTRY_TO_ATWRITE,PS,200,1,150,0,149,100,0,59,0,59,
TD,4,ATWRITE_TO_W10,PS,200,150,151,1,2,100,59,59,1,1,
TD,4,ENTRY_TO_ATWRITE,NS,1000,200,188,25,13,,,,,,
TD,4,ATWRITE_TO_W10,NS,1000,188,156,52,20,,,,,,
TD,5,ENTRY_TO_ATWRITE,RS,100,2,100,0,98,,,,,,
TD,5,ATWRITE_TO_W10,RS,100,100,100,0,0,,,,,,
TD,5,ENTRY_TO_ATWRITE,PS,200,2,125,0,123,100,1,46,0,45,
TD,5,ATWRITE_TO_W10,PS,200,125,124,5,4,100,46,48,2,4,
TD,5,ENTRY_TO_ATWRITE,NS,1000,251,239,20,8,,,,,,
TD,5,ATWRITE_TO_W10,NS,1000,239,196,64,21,,,,,,
TD,6,ENTRY_TO_ATWRITE,RS,100,0,100,0,100,,,,,,
TD,6,ATWRITE_TO_W10,RS,100,100,100,0,0,,,,,,
TD,6,ENTRY_TO_ATWRITE,PS,200,0,119,0,119,100,0,42,0,42,
TD,6,ATWRITE_TO_W10,PS,200,119,118,1,0,100,42,41,1,0,
TD,6,ENTRY_TO_ATWRITE,NS,1000,159,157,13,11,,,,,,
TD,6,ATWRITE_TO_W10,NS,1000,157,135,36,14,,,,,,
TD,7,ENTRY_TO_ATWRITE,RS,100,0,100,0,100,,,,,,
TD,7,ATWRITE_TO_W10,RS,100,100,100,0,0,,,,,,
TD,7,ENTRY_TO_ATWRITE,PS,200,3,151,0,148,100,0,61,0,61,
TD,7,ATWRITE_TO_W10,PS,200,151,149,2,0,100,61,60,1,0,
TD,7,ENTRY_TO_ATWRITE,NS,1000,249,234,29,14,,,,,,
TD,7,ATWRITE_TO_W10,NS,1000,234,210,44,20,,,,,,
TD,8,ENTRY_TO_ATWRITE,RS,100,1,100,0,99,,,,,,
TD,8,ATWRITE_TO_W10,RS,100,100,99,1,0,,,,,,
TD,8,ENTRY_TO_ATWRITE,PS,200,1,138,0,137,100,0,53,0,53,
TD,8,ATWRITE_TO_W10,PS,200,138,133,6,1,100,53,49,4,0,
TD,8,ENTRY_TO_ATWRITE,NS,1000,215,206,15,6,,,,,,
TD,8,ATWRITE_TO_W10,NS,1000,206,205,17,16,,,,,,
TD,9,ENTRY_TO_ATWRITE,RS,100,1,100,0,99,,,,,,
TD,9,ATWRITE_TO_W10,RS,100,100,100,0,0,,,,,,
TD,9,ENTRY_TO_ATWRITE,PS,200,3,146,0,143,100,0,56,0,56,
TD,9,ATWRITE_TO_W10,PS,200,146,148,0,2,100,56,56,0,0,
TD,9,ENTRY_TO_ATWRITE,NS,1000,242,212,39,9,,,,,,
TD,9,ATWRITE_TO_W10,NS,1000,212,207,18,13,,,,,,
TD,10,ENTRY_TO_ATWRITE,RS,100,2,99,0,97,,,,,,
TD,10,ATWRITE_TO_W10,RS,100,99,99,0,0,,,,,,
TD,10,ENTRY_TO_ATWRITE,PS,200,0,128,0,128,100,0,47,0,47,
TD,10,ATWRITE_TO_W10,PS,200,128,128,0,0,100,47,47,0,0,
TD,10,ENTRY_TO_ATWRITE,NS,1000,206,195,19,8,,,,,,
TD,10,ATWRITE_TO_W10,NS,1000,195,195,0,0,,,,,,
TD,,POOLED_ATWRITE_TO_W10,RS,1000,999,993,6,0,,,,,,
TD,,W5_FIRST500_TO_W10_SAME500,RS,500,499,495,4,0,,,,,,
TD,,POOLED_ATWRITE_TO_W10,PS,2000,1340,1354,26,40,1000,507,513,14,20,
TD,,W5_FIRST500_TO_W10_SAME500,PS,1000,665,678,19,32,500,249,260,8,19,
TD,,POOLED_ATWRITE_TO_W10,NS,10000,1953,1761,380,188,,,,,,
TD,,W5_FIRST500_TO_W10_SAME500,NS,5000,931,809,223,101,,,,,,
REFIT4,,POLICY_W10,RS,1000,993,998,0,5,,,,,,N4
REFIT4,,POLICY_W10,PS,2000,1354,1307,155,108,1000,513,476,97,60,N4
REFIT4,,POLICY_W10,NS,10000,1761,1916,183,338,,,,,,N4
L75,,POLICY_W10,RS,1000,993,998,0,5,,,,,,N4
L75,,POLICY_W10,PS,2000,1354,1336,143,125,1000,513,498,86,71,N4
L75,,POLICY_W10,NS,10000,1761,1927,232,398,,,,,,N4
T75,,POLICY_W10,RS,1000,993,991,5,3,,,,,,N4
T75,,POLICY_W10,PS,2000,1354,1465,109,220,1000,513,590,61,138,N4
T75,,POLICY_W10,NS,10000,1761,1456,777,472,,,,,,N4
L4D,,POLICY_W10,RS,1000,993,993,0,0,,,,,,N4
L4D,,POLICY_W10,PS,2000,1354,1346,26,18,1000,513,508,14,9,N4
L4D,,POLICY_W10,NS,10000,1761,1786,43,68,,,,,,N4
LD,,POLICY_W10,RS,1000,993,997,0,4,,,,,,N4
LD,,POLICY_W10,PS,2000,1354,1309,134,89,1000,513,479,78,44,N4
LD,,POLICY_W10,NS,10000,1761,1918,171,328,,,,,,N4
TD,,POLICY_W10,RS,1000,993,993,0,0,,,,,,N4
TD,,POLICY_W10,PS,2000,1354,1354,0,0,1000,513,513,0,0,N4
TD,,POLICY_W10,NS,10000,1761,1761,0,0,,,,,,N4
LD,,POLICY_W10,RS,1000,993,997,0,4,,,,,,L4D
LD,,POLICY_W10,PS,2000,1346,1309,136,99,1000,508,479,77,48,L4D
LD,,POLICY_W10,NS,10000,1786,1918,172,304,,,,,,L4D
LD,,POLICY_W10,RS,1000,998,997,1,0,,,,,,L75
LD,,POLICY_W10,PS,2000,1336,1309,122,95,1000,498,479,71,52,L75
LD,,POLICY_W10,NS,10000,1927,1918,235,226,,,,,,L75
LD,,POLICY_W10,RS,1000,998,997,1,0,,,,,,REFIT4
LD,,POLICY_W10,PS,2000,1307,1309,119,121,1000,476,479,72,75,REFIT4
LD,,POLICY_W10,NS,10000,1916,1918,243,245,,,,,,REFIT4
LD,,POLICY_W10,RS,1000,993,997,0,4,,,,,,TD
LD,,POLICY_W10,PS,2000,1354,1309,134,89,1000,513,479,78,44,TD
LD,,POLICY_W10,NS,10000,1761,1918,171,328,,,,,,TD
T75,,POLICY_W10,RS,1000,998,991,7,0,,,,,,L75
T75,,POLICY_W10,PS,2000,1336,1465,118,247,1000,498,590,68,160,L75
T75,,POLICY_W10,NS,10000,1927,1456,932,461,,,,,,L75
